Raw_Record_ID,Source_Species,Source_Family,Management_Zone,Habitat,Total_DBH,Mean_DBH,Total_Height,Mean_Height,Basal_Area,BA_Percent,Source_Table,Source_Page,Source_Row,QC_Flag
OMO_STR_0001,Alstonia  boonei,Apocynaceae,Core,Stream,181.7,36.34,177.9,35.58,1037.6,2.64,4.1,1,2,
OMO_STR_0002,Blighia sapida,Sapindaceae,Core,Stream,233.8,33.4,246.4,35.2,876.51,2.23,4.1,1,3,
OMO_STR_0003,Bombax buonopozene,Bombacaceae,Core,Stream,126.1,31.5,126.2,31.5,779.63,1.98,4.1,1,4,
OMO_STR_0004,Bosquei angolensis,Moraceae,Core,Stream,86.2,28.7,34.3,28.1,647.19,1.65,4.1,1,5,
OMO_STR_0005,Celtis zenkeri,Ulmaceae,Core,Stream,235.8,29.4,235,31,679.14,1.73,4.1,1,6,
OMO_STR_0006,Cleistopholis Patens,Annonaceae,Core,Stream,248.5,31,263.4,34.9,755.07,1.92,4.1,1,7,
OMO_STR_0007,Dialium guinensis,Caesalpiniodeae,Core,Stream,66.2,33.1,65.2,32.6,860.84,2.19,4.1,1,8,
OMO_STR_0008,Diospyros dendo,Ebenaceae,Core,Stream,653.2,21.5,649.4,24.9,363.2,0.92,4.1,1,9,
OMO_STR_0009,Drypetes,Euphorbiaceae,Core,Stream,680.2,25.1,696.8,25.8,495.01,1.26,4.1,1,10,
OMO_STR_0010,Ficus exasperata,Moraceae,Core,Stream,225.6,56.4,217.6,54.4,2499.3,6.37,4.1,1,11,
OMO_STR_0011,Grewia pubescens,Tiliaceae,Core,Stream,409.5,31.5,425,32.6,779.63,1.98,4.1,1,12,
OMO_STR_0012,Homalium alymeri,Rubiceae,Core,Stream,312.8,52.1,30.7,50.45,2132.8,5.44,4.1,1,13,
OMO_STR_0013,Lecaniodiscus cupanioides,Sapindaceae,Core,Stream,48,23.7,52,26,441.33,1.12,4.1,1,14,
OMO_STR_0014,Margaritaria discoidea,Euphorbiaceae,Core,Stream,199.2,24.9,210.8,26.4,487.15,1.24,4.1,1,15,
OMO_STR_0015,Musanga cecropoides,Moraceae,Core,Stream,350,26.9,280.9,21.6,568.55,1.45,4.1,1,16,
OMO_STR_0016,Nesodogornia papaverivera,Sterculiaceae,Core,Stream,105,52.5,82,41,2165.6,5.52,4.1,1,17,
OMO_STR_0017,Pavetta crassipes,Rubiaceae,Core,Stream,64,32,66,33,804.57,2.05,4.1,1,18,
OMO_STR_0018,Picralima nitida,Apocynaceae,Core,Stream,232.7,46.5,239.4,47.8,1698.9,4.33,4.1,1,19,DUPLICATE_SOURCE_RECORD
OMO_STR_0019,Picralima nitida,Apocynaceae,Core,Stream,221.2,55.3,226.9,56.7,2402.8,6.13,4.1,1,20,DUPLICATE_SOURCE_RECORD
OMO_STR_0020,Pycnanthus angolensis,Myristicaceae,Core,Stream,310.9,77.7,268,67.5,4743.6,12.10,4.1,1,21,
OMO_STR_0021,Ricinodendron heudeloti,Euphorbiaceae,Core,Stream,510.1,102.2,410.5,82.1,8206.7,20.94,4.1,1,22,
OMO_STR_0022,Sterculia rhinopetala,Sterculiaceae,Core,Stream,395.3,49.4,361.7,45.2,1917.4,4.89,4.1,1,23,
OMO_STR_0023,Sterculia tragacantha,Sterculiaceae,Core,Stream,112.9,37.6,117.1,39,1110.8,2.83,4.1,1,24,
OMO_STR_0024,Strombosia pustulata,Olacaceae,Core,Stream,469.3,42.6,384.7,35.2,1425.9,3.63,4.1,1,25,
OMO_STR_0025,Trichilia monadelpha,meliaceae,Core,Stream,407.5,40.7,392.8,39.2,1301.5,3.32,4.1,1,26,
OMO_STR_0026,Amphimas tetracoides,Papilionoideae,Core,Major River,64.2,21.4,66.5,22.1,359.8,2.02,4.2,2,1,
OMO_STR_0027,Annonidium manni,Annonacaceae,Core,Major River,271.6,30.2,267.1,29.6,716.6,4.02,4.2,2,2,
OMO_STR_0028,Anthonotha macrophylla,Caesalpinoideae,Core,Major River,91,18.2,84.5,16.9,260.2,1.46,4.2,2,3,
OMO_STR_0029,Blighia Sapida,Sapindaceae,Core,Major River,40.4,20.2,48.5,24.25,320.6,1.80,4.2,2,4,
OMO_STR_0030,Celtis zenkeri,Ulmaceae,Core,Major River,125,25,105.8,21.16,491.0,2.75,4.2,2,5,
OMO_STR_0031,Cleistopholis patens,Annonaceae,Core,Major River,199,39.8,201.7,40.34,1244.,6.98,4.2,2,6,
OMO_STR_0032,Diospyros dendo,Ebenaceae,Core,Major River,1123.2,19.4,1183.7,20.4,295.7,1.66,4.2,2,7,
OMO_STR_0033,Drypetes,Euphorbiaceae,Core,Major River,595,13.8,95.3,22.1,149.6,0.84,4.2,2,8,
OMO_STR_0034,Funtumia elastica,Apocyanaceae,Core,Major River,170.8,24.4,204.5,29.2,467.7,2.62,4.2,2,9,
OMO_STR_0035,Homalium aylmeri,Samydaceae,Core,Major River,354.5,32.2,383.1,34.8,814.6,4.57,4.2,2,10,
OMO_STR_0036,irvinga gabonensis,Irvingaceae,Core,Major River,118.3,23.6,13.8,22.7,437.6,2.45,4.2,2,11,
OMO_STR_0037,Lecaniodiscus cupanioides,Sapindaceae,Core,Major River,194,19.4,213.4,21.34,295.7,1.66,4.2,2,12,
OMO_STR_0038,Lonchocarpus ciliata,Fabaceae,Core,Major River,190.7,23.8,194,24.25,445.0,2.49,4.2,2,13,
OMO_STR_0039,Margaritaria discoidea,Euphorbiaceae,Core,Major River,294.3,26.75,300.6,27.3,562.2,3.15,4.2,2,14,
OMO_STR_0040,Millettia thoningii,Papilionoideae,Core,Major River,56.4,18.8,53.3,17.8,277.7,1.55,4.2,2,15,
OMO_STR_0041,Monodora lenuifolia,Monimiaceae,Core,Major River,185.8,26.5,185.9,26.5,551.7,3.09,4.2,2,16,
OMO_STR_0042,Nesodogornia papaverifera,Sterculiaceae,Core,Major River,283,56.6,274.4,54.8,2517.,14.13,4.2,2,17,
OMO_STR_0043,Picralima nitida,Apocyanaceae,Core,Major River,539.1,20.7,528.5,20.3,336.6,1.89,4.2,2,18,
OMO_STR_0044,Pycanthus angolensis,Myristiacaceae,Core,Major River,182.5,26,181.1,25.8,531.1,2.98,4.2,2,19,
OMO_STR_0045,Ricinodendron heudeloti,Euphorbiaceae,Core,Major River,324.9,64.8,332.2,66.5,3299.,18.52,4.2,2,20,
OMO_STR_0046,Scotellia coricea,Flacourtiaceae,Core,Major River,82.6,27.5,99.8,33.2,594.2,3.33,4.2,2,21,
OMO_STR_0047,Sterculia rhinopetala,Sterculiaceae,Core,Major River,133,16.6,119.5,14.9,216.5,1.21,4.2,2,22,
OMO_STR_0048,Strombosia  pustulata,Olacaceae,Core,Major River,734.8,27.2,723.9,26.8,581.3,3.26,4.2,2,23,
OMO_STR_0049,Trichilia gilgiana,Meliaceae,Core,Major River,33.9,16.9,41,20.5,224.4,1.25,4.2,2,24,
OMO_STR_0050,Trichilia monadelpha,Meliaceae,Core,Major River,84.5,21,75.1,18.7,346.5,1.94,4.2,2,25,
OMO_STR_0051,Uapaca heudelotii,Euphorbiaceae,Core,Major River,130,43.3,164.8,54.9,1473.,8.27,4.2,2,26,
OMO_STR_0052,Annonidium manni,Annonaceae,Core,Upland,143.3,20.4,146.6,20.9,326.9,2.93,4.3,3,32,
OMO_STR_0053,Baphia nitida,Sapindaceae,Core,Upland,124.7,17.8,135.3,19.3,248.9,2.23,4.3,3,33,
OMO_STR_0054,Celtis zenkeri,Ulmaceae,Core,Upland,143.3,20.6,149.7,21.31,333.4,2.98,4.3,3,34,
OMO_STR_0055,Cola species,Sterculiaceae,Core,Upland,40.6,13.5,42.4,14.1,143.2,1.28,4.3,3,35,
OMO_STR_0056,Diospyrous dendo,Ebenaceae,Core,Upland,1785.,20.5,1874.9,21.5,330.2,2.95,4.3,3,36,
OMO_STR_0057,Diospyros mespiliformis,Ebenaceae,Core,Upland,76.2,24.2,78.2,26,460.1,4.12,4.3,3,37,
OMO_STR_0058,Funtumia elastica,Apocyanaceae,Core,Upland,129.8,21.6,134.5,22.4,366.5,3.28,4.3,3,38,
OMO_STR_0059,Garcinia kola,Guttiferae,Core,Upland,105.6,26.4,109.1,27.2,547.6,4.90,4.3,3,39,
OMO_STR_0060,Hildergardia baarteri,Malvaceae,Core,Upland,69.1,23,63.7,21.2,415.6,3.72,4.3,3,40,
OMO_STR_0061,Lecaniodiscus cupaniodes,Sapindaceae,Core,Upland,54,18,54.8,18.2,254.5,2.28,4.3,3,41,
OMO_STR_0062,Maesobotrya barteri,Euphorbiaceae,Core,Upland,11.1,11.1,24.4,24.4,96.8,0.86,4.3,3,42,
OMO_STR_0063,Magaritaria discoidea,Euphorbiaceae,Core,Upland,207.2,23,215.4,23.9,415.6,3.72,4.3,3,43,
OMO_STR_0064,Mesobotyra barteri,Euphorbiaceae,Core,Upland,202,22.4,210,23.3,394.2,3.53,4.3,3,44,
OMO_STR_0065,Nauclea diderrichi,Rubiaceae,Core,Upland,72,24,83.1,27.7,452.5,4.05,4.3,3,45,
OMO_STR_0066,Nesorgodonia papaverifera,Sterculiaceae,Core,Upland,392,32.7,409.7,34.1,840.1,7.52,4.3,3,46,
OMO_STR_0067,Pterocarpus osun,Papillionoides,Core,Upland,124.5,41.5,128,42.6,1353.,12.12,4.3,3,47,
OMO_STR_0068,Pycnantus angolensis,Myristiaceae,Core,Upland,88.4,22.1,98.3,24.5,383.7,3.43,4.3,3,48,
OMO_STR_0069,Ricinodendron heudeloti,Euporbiaceae,Core,Upland,82.6,27.5,85.7,28.5,594.2,5.32,4.3,3,49,
OMO_STR_0070,Rinorea dentata,Violaceae,Core,Upland,77.1,19.2,80.1,20,289.6,2.59,4.3,3,50,
OMO_STR_0071,Scotelia coriacea,Flacourtiaceae,Core,Upland,527.7,21.1,565.6,22.6,349.8,3.13,4.3,3,51,
OMO_STR_0072,Sterculia rhinopetala,Sterculiaceae,Core,Upland,105.4,15,110.9,15.8,176.7,1.58,4.3,3,52,
OMO_STR_0073,Strombosia pustulata,Olacaceae,Core,Upland,436,19.8,441.7,20,308.0,2.76,4.3,3,53,
OMO_STR_0074,Terminalia superba,Combretaceae,Core,Upland,145.8,36.4,120.2,30,1041,9.32,4.3,3,54,
OMO_STR_0075,Zanthoxylum xanthoxyloides,Rutaceaae,Core,Upland,109.9,36.3,118.3,39.4,1035.,9.27,4.3,3,55,
OMO_STR_0076,Alstonia boonei,Apocynaceae,Buffer,Major River,133.7,44.5,130.8,43.6,1555.,5.43,4.4,4,62,
OMO_STR_0077,Blighia sapida,sapindaceae,Buffer,Major River,190.6,27.2,169.7,24.2,581.3,2.03,4.4,4,63,
OMO_STR_0078,Bombax buonopozene,Bombaceae,Buffer,Major River,258.5,36.9,239.9,34.2,1069.,3.73,4.4,4,64,
OMO_STR_0079,Bosqueia angolensis,Moraaceae,Buffer,Major River,107.4,26.8,118,29.5,564.3,1.97,4.4,4,65,
OMO_STR_0080,Celtis zenkeri,Ulmaceae,Buffer,Major River,252.5,42,252.6,42.1,1386,4.84,4.4,4,66,
OMO_STR_0081,Cleistopholis patens,Annonaceae,Buffer,Major River,303,27.5,328.9,29.9,594.2,2.07,4.4,4,67,
OMO_STR_0082,Diallium guineense,Fabaceae,Buffer,Major River,51.6,25.8,41.9,24.5,523,1.82,4.4,4,68,
OMO_STR_0083,Dillenia indica,Dilleniaceae,Buffer,Major River,67.2,33.6,62.6,31.3,887.0,3.09,4.4,4,69,
OMO_STR_0084,Diospyrous dendo,Ebenaceae,Buffer,Major River,709,23.6,718,23.9,437.6,1.52,4.4,4,70,
OMO_STR_0085,Drypetes,Euphorbiaceae,Buffer,Major River,955.6,25,900.7,23.7,491.0,1.71,4.4,4,71,
OMO_STR_0086,Ficus exasperata,Moraceae,Buffer,Major River,171,42.7,160.2,40,1432.,5.00,4.4,4,72,
OMO_STR_0087,Grewia pubescens,Tiliaceae,Buffer,Major River,310.3,22,303.6,20.2,380.2,1.32,4.4,4,73,
OMO_STR_0088,Homalium  aylmeri,Flacourtiaceae,Buffer,Major River,310,62,283,56.6,3020.,10.55,4.4,4,74,
OMO_STR_0089,Lecaniodiscus cupanioides,Sapindaceae,Buffer,Major River,26.1,10.8,19.6,9.8,91.64,0.32,4.4,4,75,
OMO_STR_0090,Margaritaria discoidea,euphorbiaceae,Buffer,Major River,167.7,27.9,157,26.1,611.6,2.13,4.4,4,76,
OMO_STR_0091,Musanga cecropioides,Cecropioides,Buffer,Major River,307.3,25,257,21.4,491.0,1.71,4.4,4,77,
OMO_STR_0092,Nesogordonia papaverifera,Sterculiaceae,Buffer,Major River,84,84,62.4,62.4,5544,19.36,4.4,4,78,
OMO_STR_0093,Pavetta  corymbosia,Rubiaceae,Buffer,Major River,66.8,66.8,58.1,58.1,3506,12.24,4.4,4,79,
OMO_STR_0094,Picralima nitida,Apocynaceae,Buffer,Major River,86.6,28.8,77.9,25.9,651.7,2.27,4.4,4,80,
OMO_STR_0095,Pycnanthus angolensis,Myristicaceae,Buffer,Major River,159.6,26.6,146.1,24.3,555.9,1.94,4.4,4,81,
OMO_STR_0096,Ricinodendron heudeotii,Euphorbiaceae,Buffer,Major River,105.5,51.2,111.9,55.9,2059.,7.19,4.4,4,82,
OMO_STR_0097,Sterculia rhinopetala,Sterculiaceae,Buffer,Major River,176,29.3,160.5,26.7,674.5,2.35,4.4,4,83,
OMO_STR_0098,Sterculia tragacantha,Sterculiaceae,Buffer,Major River,24.8,24.8,15.8,15.8,483.2,1.68,4.4,4,84,
OMO_STR_0099,Strombosia pustulata,Olacaceae,Buffer,Major River,176.2,29.3,156.4,26,674.5,2.35,4.4,4,85,
OMO_STR_0100,Trichilia monadelpha,Meliaceae,Buffer,Major River,107.1,21.4,136.9,27.3,359.8,1.25,4.4,4,86,
OMO_STR_0101,Albizia zygia,Mimosoideceae,Buffer,Stream,57,28.5,56.6,28.3,638.2,2.45,4.5,5,91,
OMO_STR_0102,Alstonia boonei,Apocynaceae,Buffer,Stream,79.7,15.9,71.7,14.3,198.6,0.76,4.5,5,92,
OMO_STR_0103,Anthocleista djalonensis,Loganiaceae,Buffer,Stream,439.3,43.9,385.7,38.5,1514.,5.82,4.5,5,93,
OMO_STR_0104,Anthocliesta vogeli,Longaniaceae,Buffer,Stream,20,10,25.4,12.7,78.57,0.30,4.5,5,94,
OMO_STR_0105,Brachystegia eurycoma,Caesalpinioides,Buffer,Stream,355.5,22.2,337.2,24,387.2,1.48,4.5,5,95,
OMO_STR_0106,Bridellia ferruginea,euphorbiaceae,Buffer,Stream,152,19,162,20,283.6,1.09,4.5,5,96,
OMO_STR_0107,Cassia saimen,Fabaceae,Buffer,Stream,1088,27.2,1091.8,27.2,581.3,2.23,4.5,5,97,
OMO_STR_0108,Ceiba pentandra,Bombacaceae,Buffer,Stream,68.5,22.8,76,25.3,408.4,1.57,4.5,5,98,
OMO_STR_0109,Cleistopholis patens,Annnaceae,Buffer,Stream,406.6,31.2,434.3,33.4,764.8,2.94,4.5,5,99,
OMO_STR_0110,Diospyrous dendo,Ebenaceae,Buffer,Stream,386,42.8,347.3,38.5,1439,5.53,4.5,5,100,
OMO_STR_0111,Diospyrous melistoformis,Ebenaceae,Buffer,Stream,39.5,19.7,38.7,19.3,304.9,1.17,4.5,5,101,
OMO_STR_0112,Drypetes,Euphorbiaeae,Buffer,Stream,153.3,30.6,155.2,31,735.7,2.82,4.5,5,102,
OMO_STR_0113,Funtumia africana,Apocyanaceae,Buffer,Stream,199,33.1,222.6,37.1,860.8,3.30,4.5,5,103,
OMO_STR_0114,Funtumia elastica,Apocynaceae,Buffer,Stream,172.3,24.6,169.6,28.2,475.4,1.82,4.5,5,104,
OMO_STR_0115,Gmelina arborea,Verbenacea,Buffer,Stream,264.8,24,269.6,24.5,452.5,1.74,4.5,5,105,
OMO_STR_0116,Harungana madagascariensis,Guttiferae,Buffer,Stream,83.9,16.7,87.7,17.5,219.1,0.84,4.5,5,106,
OMO_STR_0117,Hexalobus crispiflorus,Annonaceae,Buffer,Stream,398.2,28.4,393,28,633.7,2.43,4.5,5,107,
OMO_STR_0118,Holarrhena floribunda,Apocynaceae,Buffer,Stream,54,27,54,27,572.7,2.20,4.5,5,108,
OMO_STR_0119,Macaranga barteri,Euphorbiaeae,Buffer,Stream,601.9,40.1,595.6,39.7,1263,4.85,4.5,5,109,
OMO_STR_0120,Melacantha alnifolia,Sapotaceae,Buffer,Stream,173.8,43.4,179.9,44.9,1479,5.69,4.5,5,110,
OMO_STR_0121,Micranga barteri,Euphorbiaceae,Buffer,Stream,518.7,28.8,519,28.8,651.7,2.50,4.5,5,111,
OMO_STR_0122,Musanga cecropoides,moraceae,Buffer,Stream,170,42.5,113.3,28.4,1419,5.45,4.5,5,112,
OMO_STR_0123,Nauclea diderrichi,Rubiaceae,Buffer,Stream,170.6,28.4,178.7,29.7,633.7,2.43,4.5,5,113,
OMO_STR_0124,Nothospondia staudtii,Simaroubaceae,Buffer,Stream,199.5,33.25,213.5,35.5,868.6,3.34,4.5,5,114,
OMO_STR_0125,Nuclea diderrichi,Rubiaceae,Buffer,Stream,101,33.6,80.7,26.9,887.0,3.41,4.5,5,115,
OMO_STR_0126,Pterocarpus osun,Papilonideae,Buffer,Stream,17,17,13.8,13.8,227.0,0.87,4.5,5,116,
OMO_STR_0127,Rauvolvia vomitoria,Apocynaeae,Buffer,Stream,68,34,73,36.5,908.2,3.49,4.5,5,117,
OMO_STR_0128,Rothmania hispida,Rubiaceae,Buffer,Stream,44,44,48.4,48.4,1521.,5.84,4.5,5,118,
OMO_STR_0129,Spondia mombin,Anacardiaceae,Buffer,Stream,50.88,16.9,62.6,20.8,224.4,0.86,4.5,5,119,
OMO_STR_0130,Sterculia oblonga,Sterculiaceae,Buffer,Stream,107,53.5,87.6,43.8,2248.,8.64,4.5,5,120,
OMO_STR_0131,Sterculia rhinopetala,Sterculiaceae,Buffer,Stream,38,19,30.6,15.3,283.6,1.09,4.5,5,121,
OMO_STR_0132,Strombosia pustulata,Olacaceae,Buffer,Stream,159,39.7,135.7,33.9,1238,4.76,4.5,5,122,
OMO_STR_0133,Terminalia superba,Combretaceae,Buffer,Stream,115.5,38.5,119.3,39.7,1164,4.47,4.5,5,123,
OMO_STR_0134,Albizia auxillary,Fabaceae,Buffer,Upland,66.9,22.3,71.1,23.7,390.7,2.02,4.6,6,132,
OMO_STR_0135,Alstonei boonei,Apocyanaceae,Buffer,Upland,165.2,23.6,179,25.5,437.6,2.27,4.6,6,133,
OMO_STR_0136,Annonidium manni,Annonaceae,Buffer,Upland,235.7,23.2,336.3,24,422.9,2.19,4.6,6,134,
OMO_STR_0137,Blighia sapida,Sapindaceae,Buffer,Upland,48.8,48.8,55.2,55.2,1871,9.71,4.6,6,135,
OMO_STR_0138,Blighia unijigata,Sapindaceae,Buffer,Upland,112.9,22.5,120.7,24.1,397.7,2.06,4.6,6,136,
OMO_STR_0139,Celtis zenkeri,Ulmaceae,Buffer,Upland,318.5,26.5,360.2,30,551.7,2.86,4.6,6,137,
OMO_STR_0140,Cleistoformis patent,Annonaceae,Buffer,Upland,88.8,17.76,202.2,40.4,247.8,1.28,4.6,6,138,
OMO_STR_0141,Diallium guineense,Fabaceae,Buffer,Upland,332,47.4,312.9,44.7,1765,9.16,4.6,6,139,
OMO_STR_0142,Diospyros dendo,Ebenaceae,Buffer,Upland,270.3,19.4,750,20.2,295.7,1.53,4.6,6,140,
OMO_STR_0143,Diospyros soubreana,Ebenaceae,Buffer,Upland,92.4,30.8,96.3,32.1,745.3,3.86,4.6,6,141,
OMO_STR_0144,Diospyros undebunda,Ebenaceae,Buffer,Upland,26.7,13.3,31.9,15.9,138.9,0.72,4.6,6,142,
OMO_STR_0145,Drypetes species,Euphorbiaceae,Buffer,Upland,1372.4,25.4,1382.1,25.5,506.9,2.63,4.6,6,143,
OMO_STR_0146,Funtumia elastica,Ulmaceae,Buffer,Upland,217.5,21.75,232.2,23.2,371.6,1.92,4.6,6,144,
OMO_STR_0147,Garcinia kola,Guttifera,Buffer,Upland,83.2,27.7,83.3,27.7,602.8,3.13,4.6,6,145,
OMO_STR_0148,Holarrhena floribunda,Apocyanaceae,Buffer,Upland,144.7,38.2,223.2,37.2,1146,5.95,4.6,6,146,
OMO_STR_0149,Lecaniodiscus cupaniodes,Sapindaceae,Buffer,Upland,96.8,32.2,99.6,33.2,814.6,4.22,4.6,6,147,
OMO_STR_0150,Milicia excelsa,Moraceae,Buffer,Upland,27.4,13.7,29.7,14.8,147.4,0.76,4.6,6,148,
OMO_STR_0151,Musanga cecropioides,Moraceae,Buffer,Upland,150.7,30.1,157.2,31.4,711.8,3.69,4.6,6,149,
OMO_STR_0152,Myrianthus arboreus,Moraceae,Buffer,Upland,49,49,50,50,1886,9.79,4.6,6,150,
OMO_STR_0153,Nesodogornia papaverifera,Sterculiaceae,Buffer,Upland,361.1,32.8,354.1,32.1,845.3,4.38,4.6,6,151,
OMO_STR_0154,Piptadeniastrum africanum,Mimosoideae,Buffer,Upland,116.9,38.8,119.1,39.7,1182,6.14,4.6,6,152,
OMO_STR_0155,Ricinidendron heudelotii,Euphorbiaceae,Buffer,Upland,101.5,33.8,100.5,33.5,897.6,4.66,4.6,6,153,
OMO_STR_0156,Scotellia coriacea,Flacourtiaceae,Buffer,Upland,87.4,29.1,90.4,30.1,665.3,3.45,4.6,6,154,
OMO_STR_0157,Sterculia rhinopetala,Sterculiarceae,Buffer,Upland,75.6,12.6,77.9,12.9,124.7,0.64,4.6,6,155,
OMO_STR_0158,Strombosia putulata,Olacaceae,Buffer,Upland,521.5,27.4,528.8,30.6,589.8,3.06,4.6,6,156,
OMO_STR_0159,Terminalia superba,Combretaceae,Buffer,Upland,89.2,29.7,107.6,35.8,693.0,3.59,4.6,6,157,
OMO_STR_0160,Uapaca heudelotii,Euphorbiaceae,Buffer,Upland,26.4,26.4,27.5,27.5,547.6,2.84,4.6,6,158,
OMO_STR_0161,Zanthoxylum zanthoxyloides,Rutaceae,Buffer,Upland,36.5,18.2,39.4,19.7,260.2,1.35,4.6,6,159,
OMO_STR_0162,Albizia ferruginea,Mimosoideae,Transition,Major River,254.1,21.1,251.5,20.9,349.8,0.60,4.7,7,166,
OMO_STR_0163,Aningeria robusta,Sapotaceae,Transition,Major River,27,13.5,27.9,13.9,143.2,0.24,4.7,7,167,
OMO_STR_0164,Artocarpus communis,Moraceae,Transition,Major River,113.8,28.45,123.5,30.8,635.9,1.09,4.7,7,168,
OMO_STR_0165,Bambusa vulgaris,Pocaceae,Transition,Major River,1138.8,227.7,292.2,58.4,40737,70.06,4.7,7,169,
OMO_STR_0166,Blghia sapida,Sapindaceae,Transition,Major River,105.3,26.3,108.5,27.1,543.4,0.93,4.7,7,170,
OMO_STR_0167,Chrysophylum albidum,Sapotaceae,Transition,Major River,57,19,48.1,16,283.6,0.48,4.7,7,171,
OMO_STR_0168,Cleistopholis patens,Annonaceae,Transition,Major River,80.8,20.2,82.3,20.5,320.6,0.55,4.7,7,172,
OMO_STR_0169,Cola nitida,Bombacaceae,Transition,Major River,107,21.4,104.4,20.8,359.8,0.61,4.7,7,173,
OMO_STR_0170,Corynante pachycercus,Rubiaceae,Transition,Major River,320.6,35.6,311.8,34.6,995.7,1.71,4.7,7,174,
OMO_STR_0171,Diospyrous dendo,ebenaceae,Transition,Major River,46.6,15.5,46,15.3,188.7,0.32,4.7,7,175,
OMO_STR_0172,Elaeis guineensis,Palmae,Transition,Major River,184.5,46.1,144.6,36.1,1669,2.87,4.7,7,176,
OMO_STR_0173,Ficus exasperata,Moraceae,Transition,Major River,123.9,17.7,138.4,19.7,246.1,0.42,4.7,7,177,
OMO_STR_0174,Holarrhena floribunda,Apocynaceae,Transition,Major River,35.5,17.7,28.6,14.3,246.1,0.42,4.7,7,178,
OMO_STR_0175,Lonchocarpus cayensis,Fabaceae,Transition,Major River,16.5,16.5,14.3,14.3,213.9,0.36,4.7,7,179,
OMO_STR_0176,Lonchocarpus ciliata,Fabaceae,Transition,Major River,21.1,21.1,16,16,349.8,0.60,4.7,7,180,
OMO_STR_0177,Lonchocarpus cyanescens,Fabaceae,Transition,Major River,12.8,12.8,10.4,10.4,128.7,0.22,4.7,7,181,
OMO_STR_0178,Macaranga barteri,Euphobiaceae,Transition,Major River,350.8,50.1,183,26.1,1972,3.39,4.7,7,182,
OMO_STR_0179,Mitragyna cilliata,Rubiaceae,Transition,Major River,207.1,25.8,205.9,26.1,523,0.89,4.7,7,183,
OMO_STR_0180,Musanga cecropoides,Moraceae,Transition,Major River,64.9,16.2,49.9,12.4,206.2,0.35,4.7,7,184,
OMO_STR_0181,Pterocarpus santpxyloides,Papillionoideae,Transition,Major River,304,21.7,289.3,20.6,369.9,0.63,4.7,7,185,
OMO_STR_0182,Pycanthus angolensis,Myristicaceae,Transition,Major River,157.4,26.3,163.8,27.3,543.4,0.93,4.7,7,186,
OMO_STR_0183,Rauvolvia vomitoria,Apocyanaceae,Transition,Major River,67.8,13.5,63.8,12.7,143.2,0.24,4.7,7,187,
OMO_STR_0184,Ricinodendron heudelotii,Euphorbiaceae,Transition,Major River,54.6,18.2,67.8,22.6,260.2,0.44,4.7,7,188,
OMO_STR_0185,Spondia mombin,Anacardiaceae,Transition,Major River,103.2,34.4,95.3,31.7,929.7,1.59,4.7,7,189,
OMO_STR_0186,Strombosia postulata,Olacaceae,Transition,Major River,142.8,35.7,110.6,27.6,1001,1.72,4.7,7,190,
OMO_STR_0187,Terminalia superba,Combretaceae,Transition,Major River,120.4,30.1,125.2,31.3,711.8,1.22,4.7,7,191,
OMO_STR_0188,Tetrapleura tetraptera,Mimosoideae,Transition,Major River,73.9,36.9,71.2,35.6,1069,1.84,4.7,7,192,
OMO_STR_0189,Trichilia monadelpha,Meliaceae,Transition,Major River,104.3,30.8,371.4,28.5,745.3,1.28,4.7,7,193,
OMO_STR_0190,Uapaca heudelotii,Euphorbiaceae,Transition,Major River,107,53.5,116.8,58.4,2248,3.86,4.7,7,194,
OMO_STR_0191,Albizia zygia,leguminoceae,Transition,Stream,44,22,41.9,24.5,380.2,3.35,4.8,8,201,
OMO_STR_0192,Alstonei boonei,Apocyanaceae,Transition,Stream,500.5,29.4,492.3,28.9,679.1,5.99,4.8,8,202,
OMO_STR_0193,Anthocliesta  vogelii,Loganiaceae,Transition,Stream,1249.7,24,1314.8,25.2,452.5,3.9,4.8,8,203,
OMO_STR_0194,Bombax buonopozense,Bombaceae,Transition,Stream,59,19.6,53.25,17.7,301.8,2.66,4.8,8,204,
OMO_STR_0195,Bridelia ferruginea,Euphorbiaceae,Transition,Stream,163,23.2,155.2,22.1,422.9,3.73,4.8,8,205,
OMO_STR_0196,Cleistoformis patens,Annonaceae,Transition,Stream,1134.9,23.1,1185.1,24.1,419.2,3.69,4.8,8,206,
OMO_STR_0197,Elaeis guinenesis,Palmae,Transition,Stream,895,68.4,672.3,48,3676,32.4,4.8,8,207,
OMO_STR_0198,Ficus mucosa,Moraceae,Transition,Stream,726.4,31.7,805. 6,33.5,789.5,6.96,4.8,8,208,
OMO_STR_0199,Gmelina arborea,Verbenacee,Transition,Stream,316.5,35.1,344.3,38.2,968.0,8.53,4.8,8,209,
OMO_STR_0200,Harungana madagascariensis,Hypericaceae,Transition,Stream,86,28.6,91.4,30.4,642.6,5.66,4.8,8,210,
OMO_STR_0201,Macranga bateri,Euphorbiaceae,Transition,Stream,22,11,26,13,95.07,0.83,4.8,8,211,
OMO_STR_0202,Nauclea  diderrichii,Rubiaceae,Transition,Stream,119,29.7,109.2,27.3,693.0,6.11,4.8,8,212,
OMO_STR_0203,Terminalia superba,Combretaceae,Transition,Stream,496,45,490.2,44.5,1591.,14.03,4.8,8,213,
OMO_STR_0204,Theobroma cacao,Malvaceae,Transition,Stream,50.8,16.9,40.5,13.5,224.4,1.97,4.8,8,214,
OMO_STR_0205,Artocarpus communis,Moraceae,Transition,Upland,154.4,22,158.2,22.6,380.2,4.72,4.9,9,221,
OMO_STR_0206,Bambusa vulgaris,Poaceae,Transition,Upland,12.6,12.6,17.8,17.8,124.7,1.55,4.9,9,222,
OMO_STR_0207,Bombax buonopozene,Bombacaceae,Transition,Upland,81.9,27.3,81.1,27,585.5,7.28,4.9,9,223,
OMO_STR_0208,Carica papaya,Caricaceae,Transition,Upland,44.3,14.7,54.1,18,169.7,2.11,4.9,9,224,
OMO_STR_0209,Ceiba pentandra,Bobacaceae,Transition,Upland,48.6,16.2,52.3,17.4,206.2,2.56,4.9,9,225,
OMO_STR_0210,Chrysophyllum albidum,Sapotaceae,Transition,Upland,12.1,12.1,14.7,14.7,115.0,1.43,4.9,9,226,
OMO_STR_0211,Citrus sinenses,Rutaceae,Transition,Upland,24.5,24.5,22.2,22.2,471.6,5.86,4.9,9,227,
OMO_STR_0212,Cola nitida,Bombacaceae,Transition,Upland,84.9,16.9,89.9,17.9,224.4,2.79,4.9,9,228,
OMO_STR_0213,Dracena manni,Agavaceae,Transition,Upland,57.2,19,61.6,20.5,283.6,3.52,4.9,9,229,
OMO_STR_0214,Elaeis guineensis,Palmae,Transition,Upland,869.1,34.7,855.9,34.2,946.0,116,4.9,9,230,
OMO_STR_0215,Ficus exasperata,Moraceae,Transition,Upland,139.4,27.8,158.6,31.7,607.2,7.55,4.9,9,231,
OMO_STR_0216,Ficus mucosa,Moraceae,Transition,Upland,96.6,48.3,102,51,1833,22.79,4.9,9,232,
OMO_STR_0217,Musa sapiensis,Musaceae,Transition,Upland,55.3,27.6,55.7,27.8,598.5,7.44,4.9,9,233,
OMO_STR_0218,Raulvolfia vomitoria,Apocynaceae,Transition,Upland,34.3,11.4,41.9,13.9,102.1,1.26,4.9,9,234,
OMO_STR_0219,Ricinodendron heudeloti,Euphorbiaceae,Transition,Upland,104.8,26.2,115.8,28.9,539.3,6.70,4.9,9,235,
OMO_STR_0220,Theobroma cacao,Malvaceae,Transition,Upland,587.9,18.3,597.9,18.6,263.1,3.27,4.9,9,236,
OMO_STR_0221,Trema orientalis,Ulmaceae,Transition,Upland,64.7,21.5,71.6,23.8,363.2,4.51,4.9,9,237,
OMO_STR_0222,Uapaca heudeloti,Euphorbiaceae,Transition,Upland,17,17,23,23,227.0,2.82,4.9,9,238,
