Experiment_ID,Selected_Model,Target,Plot_ID,Observed,N_OOF_Predictions,Mean_OOF_Prediction,SD_OOF_Prediction,Min_OOF_Prediction,Max_OOF_Prediction,Mean_Error,Mean_Absolute_Error,RMSE,Habitat,Zone,Absolute_Bias,Prediction_Range,MAE_Percentile,Prediction_SD_Percentile,Uncertainty_Class
CD01_CWM_WD,RIDGE,CWM_WD,BmP1,0.54,20,0.5569071851144083,0.003542089613242462,0.5503974227516986,0.5627350167170387,0.01690718511440818,0.01690718511440818,0.01725607102963168,Major River,Buffer,0.01690718511440818,0.012337593965340177,0.18888888888888888,0.044444444444444446,LOW
CD01_CWM_WD,RIDGE,CWM_WD,BmP10,0.5690000000000001,20,0.5539343589262801,0.002885270070135554,0.5462135918792299,0.5586176228083245,-0.015065641073719932,0.015065641073719932,0.015325863276530172,Major River,Buffer,0.015065641073719932,0.01240403092909459,0.15555555555555556,0.011111111111111112,LOW
CD01_CWM_WD,RIDGE,CWM_WD,BmP2,0.6011764705882352,20,0.5453681075093225,0.0037295178448284064,0.5406321240516079,0.5548406271253017,-0.05580836307891268,0.05580836307891268,0.055926623603923135,Major River,Buffer,0.05580836307891268,0.014208503073693812,0.5777777777777777,0.05555555555555555,LOW
CD01_CWM_WD,RIDGE,CWM_WD,BmP3,0.6069565217391304,20,0.5774091923640599,0.00406574391599736,0.5706209289187393,0.5841677341935015,-0.02954732937507054,0.02954732937507054,0.029811884091916305,Major River,Buffer,0.02954732937507054,0.013546805274762264,0.35555555555555557,0.13333333333333333,LOW
CD01_CWM_WD,RIDGE,CWM_WD,BmP4,0.5711111111111111,20,0.5554135413930761,0.005443415878911239,0.5442481991300999,0.5655896475388067,-0.01569756971803505,0.01569756971803505,0.016569940635434245,Major River,Buffer,0.01569756971803505,0.021341448408706776,0.16666666666666666,0.36666666666666664,LOW
CD01_CWM_WD,RIDGE,CWM_WD,BmP5,0.4599999999999999,20,0.43972894228896076,0.006305023853288386,0.42649876491872946,0.45076933718779055,-0.02027105771103918,0.02027105771103918,0.021182101884026753,Major River,Buffer,0.02027105771103918,0.024270572269061097,0.2222222222222222,0.5777777777777777,LOW
CD01_CWM_WD,RIDGE,CWM_WD,BmP6,0.555,20,0.6239065223519586,0.008004781360939642,0.6070675940092828,0.6371421545924376,0.06890652235195867,0.06890652235195867,0.06934682055469886,Major River,Buffer,0.06890652235195867,0.03007456058315483,0.6333333333333333,0.7555555555555555,MODERATE
CD01_CWM_WD,RIDGE,CWM_WD,BmP7,0.5614285714285715,20,0.5352767588550262,0.005541726308859249,0.5218207054833813,0.5468876220340183,-0.02615181257354518,0.02615181257354518,0.026703791768960882,Major River,Buffer,0.02615181257354518,0.025066916550636975,0.32222222222222224,0.4,LOW
CD01_CWM_WD,RIDGE,CWM_WD,BmP8,0.636470588235294,20,0.5097965694426686,0.004034363394317991,0.5008614680352813,0.5152426626733648,-0.12667401879262538,0.12667401879262538,0.12673503588460436,Major River,Buffer,0.12667401879262538,0.014381194638083517,0.9222222222222223,0.1111111111111111,HIGH
CD01_CWM_WD,RIDGE,CWM_WD,BmP9,0.5781250000000001,20,0.6046607612985571,0.009298041323543331,0.5867466969782964,0.626301857921467,0.02653576129855692,0.02653576129855692,0.028040640533439933,Major River,Buffer,0.02653576129855692,0.039555160943170575,0.3333333333333333,0.8666666666666667,MODERATE
CD01_CWM_WD,RIDGE,CWM_WD,BsP1,0.5485185185185185,20,0.5439810178056977,0.015102938652724171,0.5125844460875039,0.5759156663055455,-0.00453750071282073,0.012797011758869204,0.015403984253088584,Stream,Buffer,0.00453750071282073,0.0633312202180416,0.13333333333333333,1.0,HIGH
CD01_CWM_WD,RIDGE,CWM_WD,BsP10,0.4529166666666667,20,0.608557906078109,0.007716177082129157,0.5913283942331159,0.6271520772682098,0.15564123941144234,0.15564123941144234,0.15582284115255554,Stream,Buffer,0.15564123941144234,0.03582368303509387,0.9777777777777777,0.7111111111111111,HIGH
CD01_CWM_WD,RIDGE,CWM_WD,BsP2,0.5675000000000001,20,0.5423373541183889,0.011797449437172319,0.5122736253004245,0.5600955453875399,-0.025162645881611302,0.025162645881611302,0.027665494217976212,Stream,Buffer,0.025162645881611302,0.04782192008711539,0.3111111111111111,0.9666666666666667,HIGH
CD01_CWM_WD,RIDGE,CWM_WD,BsP3,0.541111111111111,20,0.5269839651399679,0.004856452981804052,0.5145799018632365,0.5338369028285455,-0.01412714597114303,0.01412714597114303,0.014899064805424276,Stream,Buffer,0.01412714597114303,0.019257000965308912,0.14444444444444443,0.24444444444444444,LOW
CD01_CWM_WD,RIDGE,CWM_WD,BsP4,0.5199033743906257,20,0.6333784390209178,0.004956382833014454,0.6234190658994496,0.6420438392775354,0.11347506463029207,0.11347506463029207,0.11357784879586774,Stream,Buffer,0.11347506463029207,0.01862477337808577,0.8555555555555555,0.2777777777777778,MODERATE
CD01_CWM_WD,RIDGE,CWM_WD,BsP5,0.47,20,0.5761650857684727,0.005651000606861796,0.568740317158358,0.5881966588053831,0.10616508576847272,0.10616508576847272,0.1063078668476279,Stream,Buffer,0.10616508576847272,0.019456341647025033,0.8222222222222222,0.4444444444444444,MODERATE
CD01_CWM_WD,RIDGE,CWM_WD,BsP6,0.531,20,0.5366179486793017,0.008467607394439478,0.5177074214736657,0.5599030584488983,0.005617948679301571,0.0073904546690793885,0.00998382209378324,Stream,Buffer,0.005617948679301571,0.04219563697523265,0.05555555555555555,0.8,MODERATE
CD01_CWM_WD,RIDGE,CWM_WD,BsP7,0.5061111111111112,20,0.5605545518121442,0.004995935916175235,0.552982796935158,0.5695118274062368,0.05444344070103304,0.05444344070103304,0.05466076876756771,Stream,Buffer,0.05444344070103304,0.016529030471078898,0.5444444444444444,0.28888888888888886,LOW
CD01_CWM_WD,RIDGE,CWM_WD,BsP8,0.5526315789473684,20,0.6450318517205718,0.012169082858940592,0.6146658797658189,0.6612978303086018,0.09240027277320335,0.09240027277320335,0.09315842773098289,Stream,Buffer,0.09240027277320335,0.04663195054278291,0.7666666666666667,0.9777777777777777,HIGH
CD01_CWM_WD,RIDGE,CWM_WD,BsP9,0.5617391304347826,20,0.6089206235329867,0.005693384743455309,0.5984929881110448,0.6200774506963864,0.04718149309820399,0.04718149309820399,0.04750670678252735,Stream,Buffer,0.04718149309820399,0.021584462585341635,0.5222222222222223,0.45555555555555555,LOW
CD01_CWM_WD,RIDGE,CWM_WD,BuP1,0.4742857142857143,20,0.4718943135581761,0.007873640590565611,0.45948453757715224,0.4895226512662408,-0.0023914007275381956,0.006488118912565339,0.00803824003010625,Upland,Buffer,0.0023914007275381956,0.03003811368908854,0.03333333333333333,0.7333333333333333,LOW
CD01_CWM_WD,RIDGE,CWM_WD,BuP10,0.61375,20,0.6690048481448991,0.008351225828826917,0.6527707222617161,0.684174656849321,0.055254848144899074,0.055254848144899074,0.05585117785434536,Upland,Buffer,0.055254848144899074,0.03140393458760493,0.5555555555555556,0.7888888888888889,MODERATE
CD01_CWM_WD,RIDGE,CWM_WD,BuP2,0.6646666666666667,20,0.538263795256822,0.004205682098298446,0.5275733860017032,0.5457566094218027,-0.12640287140984474,0.12640287140984474,0.12646932147548706,Upland,Buffer,0.12640287140984474,0.01818322342009948,0.9111111111111111,0.17777777777777778,HIGH
CD01_CWM_WD,RIDGE,CWM_WD,BuP3,0.6822727272727273,20,0.5547452648666564,0.008607473304177011,0.5393883406519171,0.5791288646650484,-0.12752746240607088,0.12752746240607088,0.1278031213804257,Upland,Buffer,0.12752746240607088,0.03974052401313133,0.9333333333333333,0.8222222222222222,HIGH
CD01_CWM_WD,RIDGE,CWM_WD,BuP4,0.6058823529411765,20,0.5938100913599442,0.007477600735561151,0.5739780567577762,0.6051488288942372,-0.012072261581232258,0.012072261581232258,0.014101712194203146,Upland,Buffer,0.012072261581232258,0.03117077213646091,0.08888888888888889,0.7,LOW
CD01_CWM_WD,RIDGE,CWM_WD,BuP5,0.5626666666666666,20,0.6045020697405463,0.010988280975664746,0.5771940511324746,0.619792236048508,0.041835403073879694,0.041835403073879694,0.04318455919902541,Upland,Buffer,0.041835403073879694,0.0425981849160334,0.4777777777777778,0.9222222222222223,HIGH
CD01_CWM_WD,RIDGE,CWM_WD,BuP6,0.6005555555555556,20,0.5778743415827589,0.005119913441783263,0.57041185578587,0.5934316962038271,-0.022681213972796738,0.022681213972796738,0.02322370136839895,Upland,Buffer,0.022681213972796738,0.023019840417957127,0.25555555555555554,0.32222222222222224,LOW
CD01_CWM_WD,RIDGE,CWM_WD,BuP7,0.5858823529411764,20,0.588230550975098,0.007931419393839505,0.5777271620021588,0.605123709996568,0.0023481980339216555,0.006728743814974347,0.008079361170750959,Upland,Buffer,0.0023481980339216555,0.02739654799440916,0.044444444444444446,0.7444444444444445,LOW
CD01_CWM_WD,RIDGE,CWM_WD,BuP8,0.6592,20,0.6213421808596776,0.0058099705324495925,0.6139385895626783,0.636630728578573,-0.03785781914032237,0.03785781914032237,0.038279007821126906,Upland,Buffer,0.03785781914032237,0.02269213901589462,0.43333333333333335,0.5,LOW
CD01_CWM_WD,RIDGE,CWM_WD,BuP9,0.5619999999999999,20,0.5865791947885578,0.008110939250821824,0.5723369061885817,0.6010357315113417,0.0245791947885578,0.0245791947885578,0.0258192715855398,Upland,Buffer,0.0245791947885578,0.028698825322760024,0.28888888888888886,0.7666666666666667,MODERATE
CD01_CWM_WD,RIDGE,CWM_WD,CmP1,0.6200000000000001,20,0.5813130135332379,0.004060534810594807,0.5753319776679752,0.5925057423452017,-0.038686986466762184,0.038686986466762184,0.03888889902890142,Major River,Core,0.038686986466762184,0.017173764677226533,0.4444444444444444,0.12222222222222222,LOW
CD01_CWM_WD,RIDGE,CWM_WD,CmP10,0.6696875,20,0.6143321662209449,0.005641552939406992,0.6027669040877728,0.6228211193409845,-0.055355333779055126,0.055355333779055126,0.055627769516495326,Major River,Core,0.055355333779055126,0.020054215253211716,0.5666666666666667,0.4222222222222222,LOW
CD01_CWM_WD,RIDGE,CWM_WD,CmP2,0.6736363636363637,20,0.6573369864565846,0.009196244707831643,0.6386614904168951,0.6737419690132792,-0.016299377179779195,0.016309937717470746,0.018601399606984214,Major River,Core,0.016299377179779195,0.03508047859638408,0.17777777777777778,0.8555555555555555,MODERATE
CD01_CWM_WD,RIDGE,CWM_WD,CmP3,0.6368181818181818,20,0.5765381794546115,0.0059283848465862266,0.5685636456062678,0.5878731852411052,-0.060280002363570354,0.060280002363570354,0.060556313828508575,Major River,Core,0.060280002363570354,0.01930953963483739,0.6,0.5111111111111111,LOW
CD01_CWM_WD,RIDGE,CWM_WD,CmP4,0.6514285714285714,20,0.5410157709526727,0.004404948763390873,0.5347989923738105,0.5511869223725027,-0.11041280047589866,0.11041280047589866,0.11049624384502083,Major River,Core,0.11041280047589866,0.016387929998692208,0.8333333333333334,0.18888888888888888,MODERATE
CD01_CWM_WD,RIDGE,CWM_WD,CmP5,0.7284615384615385,20,0.5091172146013193,0.005805926637041131,0.49657717555292147,0.5184868134535865,-0.2193443238602192,0.2193443238602192,0.21941730960570477,Major River,Core,0.2193443238602192,0.021909637900665024,1.0,0.4888888888888889,HIGH
CD01_CWM_WD,RIDGE,CWM_WD,CmP6,0.6904545454545455,20,0.6172982860041754,0.006717530223158768,0.6037769414913924,0.6346682751597903,-0.07315625945037016,0.07315625945037016,0.07344867084198306,Major River,Core,0.07315625945037016,0.030891333668397913,0.6444444444444445,0.6,LOW
CD01_CWM_WD,RIDGE,CWM_WD,CmP7,0.6136666666666666,20,0.6570020403853615,0.008978102453274493,0.6399309515940363,0.6743971343617787,0.043335373718694885,0.043335373718694885,0.04421007377077502,Major River,Core,0.043335373718694885,0.03446618276774238,0.4888888888888889,0.8333333333333334,MODERATE
CD01_CWM_WD,RIDGE,CWM_WD,CmP8,0.6404166666666667,20,0.5746192381615836,0.004571933591351626,0.5658077372251896,0.584223880342308,-0.06579742850508317,0.06579742850508317,0.06594815422593019,Major River,Core,0.06579742850508317,0.018416143117118366,0.6111111111111112,0.2222222222222222,LOW
CD01_CWM_WD,RIDGE,CWM_WD,CmP9,0.6306666666666667,20,0.6183611031744676,0.005643182025354654,0.6093815913015029,0.632991941049943,-0.012305563492199112,0.012538090930526746,0.013478876847247525,Major River,Core,0.012305563492199112,0.023610349748440118,0.1111111111111111,0.43333333333333335,LOW
CD01_CWM_WD,RIDGE,CWM_WD,CsP1,0.53,20,0.5509991444919393,0.006080636617342642,0.5345128936375552,0.5607120799621457,0.020999144491939275,0.020999144491939275,0.021819475336998906,Stream,Core,0.020999144491939275,0.026199186324590507,0.23333333333333334,0.5333333333333333,LOW
CD01_CWM_WD,RIDGE,CWM_WD,CsP10,0.615,20,0.533645848868953,0.0060869950231501515,0.5200506499392823,0.547328246812385,-0.0813541511310469,0.0813541511310469,0.08157019577789722,Stream,Core,0.0813541511310469,0.027277596873102716,0.7111111111111111,0.5444444444444444,LOW
CD01_CWM_WD,RIDGE,CWM_WD,CsP2,0.6011764705882352,20,0.542556979578267,0.0039639469555192396,0.5324410387479755,0.5483218321741077,-0.058619491009968286,0.058619491009968286,0.058746676143936985,Stream,Core,0.058619491009968286,0.015880793426132134,0.5888888888888889,0.1,LOW
CD01_CWM_WD,RIDGE,CWM_WD,CsP3,0.6058333333333333,20,0.5930799885606064,0.004633031276433402,0.5825358349142188,0.6024378328633251,-0.012753344772726938,0.012753344772726938,0.013529210352420095,Stream,Core,0.012753344772726938,0.019901997949106298,0.12222222222222222,0.23333333333333334,LOW
CD01_CWM_WD,RIDGE,CWM_WD,CsP4,0.5895238095238097,20,0.5970681911364779,0.0070943319765922235,0.5877823333724135,0.6117129099338247,0.007544381612668238,0.007854670336929747,0.010233804903454066,Stream,Core,0.007544381612668238,0.023930576561411177,0.06666666666666667,0.6888888888888889,LOW
CD01_CWM_WD,RIDGE,CWM_WD,CsP5,0.4599999999999999,20,0.4405282323336306,0.00533238228496393,0.426638947694076,0.45051439218620126,-0.01947176766636929,0.01947176766636929,0.020153469226026864,Stream,Core,0.01947176766636929,0.023875444492125253,0.2111111111111111,0.34444444444444444,LOW
CD01_CWM_WD,RIDGE,CWM_WD,CsP6,0.5632,20,0.6303325973180367,0.008338654815214987,0.6180553722543274,0.6491804445398515,0.06713259731803663,0.06713259731803663,0.06762279296647396,Stream,Core,0.06713259731803663,0.03112507228552408,0.6222222222222222,0.7777777777777778,MODERATE
CD01_CWM_WD,RIDGE,CWM_WD,CsP7,0.6247368421052633,20,0.5304345753580018,0.00332708012746901,0.5253224125770972,0.5366564145703568,-0.09430226674726147,0.09430226674726147,0.09435800709392674,Stream,Core,0.09430226674726147,0.011334001993259624,0.7777777777777778,0.03333333333333333,MODERATE
CD01_CWM_WD,RIDGE,CWM_WD,CsP8,0.618235294117647,20,0.49883050332790485,0.0050050904574819415,0.4892929579294393,0.5091635830500487,-0.11940479078974213,0.11940479078974213,0.11950440346491539,Stream,Core,0.11940479078974213,0.019870625120609442,0.9,0.3,HIGH
CD01_CWM_WD,RIDGE,CWM_WD,CsP9,0.4708333333333334,20,0.4685646434619131,0.004533232820060019,0.46079643109285845,0.47807813645484565,-0.0022686898714202376,0.004179722167115568,0.0049668544918802125,Stream,Core,0.0022686898714202376,0.0172817053619872,0.011111111111111112,0.2111111111111111,LOW
CD01_CWM_WD,RIDGE,CWM_WD,CuP1,0.69,20,0.5489356320213966,0.011085048239238025,0.5267212242989644,0.5664365409229647,-0.14106436797860336,0.14106436797860336,0.141477525752134,Upland,Core,0.14106436797860336,0.039715316624000296,0.9555555555555556,0.9333333333333333,HIGH
CD01_CWM_WD,RIDGE,CWM_WD,CuP10,0.6372400642635879,20,0.6151574672798625,0.006555003728147825,0.6051722764450338,0.6276659061268428,-0.022082596983725326,0.022082596983725326,0.022988274396480154,Upland,Core,0.022082596983725326,0.022493629681809013,0.24444444444444444,0.5888888888888889,LOW
CD01_CWM_WD,RIDGE,CWM_WD,CuP2,0.6658260739031261,20,0.5736829746193728,0.007758752920417366,0.554839370328346,0.5879959736031626,-0.09214309928375335,0.09214309928375335,0.09245290195635673,Upland,Core,0.09214309928375335,0.03315660327481662,0.7555555555555555,0.7222222222222222,MODERATE
CD01_CWM_WD,RIDGE,CWM_WD,CuP3,0.6322222222222221,20,0.5191946078703347,0.007024837396303025,0.50742210386198,0.5298882524033073,-0.11302761435188749,0.11302761435188749,0.11323481147377458,Upland,Core,0.11302761435188749,0.022466148541327335,0.8444444444444444,0.6666666666666666,MODERATE
CD01_CWM_WD,RIDGE,CWM_WD,CuP4,0.6173076923076923,20,0.5782601098090406,0.008469384808020302,0.5576379470348353,0.5922422455261098,-0.03904758249865166,0.03904758249865166,0.039910620817822616,Upland,Core,0.03904758249865166,0.034604298491274554,0.45555555555555555,0.8111111111111111,MODERATE
CD01_CWM_WD,RIDGE,CWM_WD,CuP5,0.6655172413793102,20,0.6153710966080203,0.005508615156365374,0.6051325585518408,0.627229413011881,-0.05014614477128991,0.05014614477128991,0.0504327615178572,Upland,Core,0.05014614477128991,0.02209685446004017,0.5333333333333333,0.37777777777777777,LOW
CD01_CWM_WD,RIDGE,CWM_WD,CuP6,0.6885714285714285,20,0.6126864347682796,0.009011896962432264,0.5928306620859504,0.6287032829205343,-0.0758849938031489,0.0758849938031489,0.07639166091284028,Upland,Core,0.0758849938031489,0.03587262083458398,0.6777777777777778,0.8444444444444444,MODERATE
CD01_CWM_WD,RIDGE,CWM_WD,CuP7,0.6502608591225009,20,0.5702355794433329,0.00541151432421157,0.55967791530827,0.57928568420755,-0.08002527967916798,0.08002527967916798,0.08019891302658748,Upland,Core,0.08002527967916798,0.019607768899279954,0.7,0.35555555555555557,LOW
CD01_CWM_WD,RIDGE,CWM_WD,CuP8,0.6104166666666666,20,0.5984793970364366,0.006947761461958961,0.5854489624246143,0.613975813619307,-0.011937269630230013,0.01229318432549405,0.01372429328200472,Upland,Core,0.011937269630230013,0.02852685119469267,0.1,0.6444444444444445,LOW
CD01_CWM_WD,RIDGE,CWM_WD,CuP9,0.6696,20,0.6345984723253503,0.0062205426698045034,0.6212898889150409,0.6452202619660103,-0.03500152767464971,0.03500152767464971,0.03552277203584744,Upland,Core,0.03500152767464971,0.023930373050969456,0.3888888888888889,0.5666666666666667,LOW
CD01_CWM_WD,RIDGE,CWM_WD,TmP1,0.5588888888888889,20,0.4721091780309539,0.004406997682193739,0.45875524032075204,0.47798152303271,-0.08677971085793498,0.08677971085793498,0.0868859526260092,Major River,Transition,0.08677971085793498,0.019226282711957976,0.7222222222222222,0.2,LOW
CD01_CWM_WD,RIDGE,CWM_WD,TmP10,0.5299999999999999,20,0.5362482927488688,0.004107208200063031,0.5291893529289526,0.5441259216111594,0.006248292748868877,0.006347375381824882,0.007420705055067152,Major River,Transition,0.006248292748868877,0.014936568682206719,0.022222222222222223,0.14444444444444443,LOW
CD01_CWM_WD,RIDGE,CWM_WD,TmP2,0.4175,20,0.49729315439205984,0.003952871575888766,0.48667972363559875,0.5051189728152843,0.07979315439205985,0.07979315439205985,0.07988611532579235,Major River,Transition,0.07979315439205985,0.018439249179685535,0.6888888888888889,0.07777777777777778,LOW
CD01_CWM_WD,RIDGE,CWM_WD,TmP3,0.5196774193548387,20,0.5552057859175685,0.0037890786224273943,0.5514164377504056,0.5654363709084189,0.0355283665627298,0.0355283665627298,0.03571979971363622,Major River,Transition,0.0355283665627298,0.014019933158013309,0.4111111111111111,0.06666666666666667,LOW
CD01_CWM_WD,RIDGE,CWM_WD,TmP4,0.4611111111111111,20,0.49730316431468796,0.00946682811542682,0.4790812410207198,0.517168234685623,0.03619205320357687,0.03619205320357687,0.03734975914151553,Major River,Transition,0.03619205320357687,0.0380869936649032,0.4222222222222222,0.8888888888888888,MODERATE
CD01_CWM_WD,RIDGE,CWM_WD,TmP5,0.4525,20,0.4583152598192578,0.010114540720055944,0.4438529461351041,0.48192381433413484,0.00581525981925779,0.008506211704506633,0.011445784553461607,Major River,Transition,0.00581525981925779,0.038070868199030716,0.07777777777777778,0.9111111111111111,HIGH
CD01_CWM_WD,RIDGE,CWM_WD,TmP6,0.5377777777777778,20,0.6119293284210404,0.006929598662356344,0.6013392509057899,0.6252860517225852,0.07415155064326263,0.07415155064326263,0.07445851753520619,Major River,Transition,0.07415155064326263,0.023946800816795344,0.6555555555555556,0.6333333333333333,LOW
CD01_CWM_WD,RIDGE,CWM_WD,TmP7,0.5389999999999999,20,0.5082074298803263,0.006207240537658426,0.49187047577424187,0.519305374032772,-0.03079257011967359,0.03079257011967359,0.031381295669757614,Major River,Transition,0.03079257011967359,0.027434898258530127,0.36666666666666664,0.5555555555555556,LOW
CD01_CWM_WD,RIDGE,CWM_WD,TmP8,0.4641666666666666,20,0.49201188441398724,0.0041679600775011505,0.48352265564606095,0.5020263997137338,0.02784521774732065,0.02784521774732065,0.028139997299981425,Major River,Transition,0.02784521774732065,0.0185037440676728,0.34444444444444444,0.16666666666666666,LOW
CD01_CWM_WD,RIDGE,CWM_WD,TmP9,0.553076923076923,20,0.5127968411916477,0.007052415570516964,0.497180642406539,0.5250917751851811,-0.04028008188527528,0.04028008188527528,0.04086238776423605,Major River,Transition,0.04028008188527528,0.027911132778642156,0.4666666666666667,0.6777777777777778,LOW
CD01_CWM_WD,RIDGE,CWM_WD,TsP1,0.42,20,0.5068203835947439,0.0048753960188751225,0.49967464091775127,0.5199295530024491,0.0868203835947439,0.0868203835947439,0.08695033076166124,Stream,Transition,0.0868203835947439,0.020254912084697874,0.7333333333333333,0.25555555555555554,LOW
CD01_CWM_WD,RIDGE,CWM_WD,TsP10,0.3947058823529412,20,0.5135775631013636,0.004139426702635719,0.5065117348781815,0.5227976863033489,0.1188716807484224,0.1188716807484224,0.11894013029549794,Stream,Transition,0.1188716807484224,0.016285951425167422,0.8777777777777778,0.15555555555555556,MODERATE
CD01_CWM_WD,RIDGE,CWM_WD,TsP2,0.4023076923076922,20,0.49942730216477943,0.005577968916319495,0.48613580789346167,0.5096991796946118,0.09711960985708723,0.09711960985708723,0.09727166426643831,Stream,Transition,0.09711960985708723,0.02356337180115009,0.8,0.4111111111111111,MODERATE
CD01_CWM_WD,RIDGE,CWM_WD,TsP3,0.4716666666666667,20,0.49607072819600484,0.005527948335445819,0.4853258113014367,0.5051686169773819,0.024404061529338127,0.024404061529338127,0.02499176907077831,Stream,Transition,0.024404061529338127,0.019842805675945208,0.2777777777777778,0.3888888888888889,LOW
CD01_CWM_WD,RIDGE,CWM_WD,TsP4,0.373076923076923,20,0.49208314469660247,0.011407752793326453,0.47537775945802174,0.5260406035908018,0.11900622161967948,0.11900622161967948,0.1195245195212942,Stream,Transition,0.11900622161967948,0.050662844132780105,0.8888888888888888,0.9555555555555556,HIGH
CD01_CWM_WD,RIDGE,CWM_WD,TsP5,0.3566666666666667,20,0.49252756874233167,0.012992548864595263,0.47719257555581307,0.5272591631277412,0.13586090207566498,0.13586090207566498,0.13644981026924288,Stream,Transition,0.13586090207566498,0.05006658757192817,0.9444444444444444,0.9888888888888889,HIGH
CD01_CWM_WD,RIDGE,CWM_WD,TsP6,0.4085714285714286,20,0.5607624339413266,0.0032196162704384718,0.5548713206349369,0.5679939642353783,0.15219100536989802,0.15219100536989802,0.1522233548046513,Stream,Transition,0.15219100536989802,0.013122643600441353,0.9666666666666667,0.022222222222222223,HIGH
CD01_CWM_WD,RIDGE,CWM_WD,TsP7,0.3945454545454545,20,0.508236094563353,0.003960766324510034,0.5016798399454306,0.5168462102015035,0.11369064001789841,0.11369064001789841,0.11375616429039294,Stream,Transition,0.11369064001789841,0.015166370256072814,0.8666666666666667,0.08888888888888889,MODERATE
CD01_CWM_WD,RIDGE,CWM_WD,TsP8,0.3642307692307692,20,0.47029157877121025,0.00943414666064669,0.4529534417315966,0.4905640452391983,0.10606080954044109,0.10606080954044109,0.10645866938595268,Stream,Transition,0.10606080954044109,0.0376106035076017,0.8111111111111111,0.8777777777777778,MODERATE
CD01_CWM_WD,RIDGE,CWM_WD,TsP9,0.3686666666666666,20,0.537147658786875,0.009529394613489388,0.5178434591957124,0.5589695794855124,0.16848099212020837,0.16848099212020837,0.16873681755747422,Stream,Transition,0.16848099212020837,0.041126120289800006,0.9888888888888889,0.9,HIGH
CD01_CWM_WD,RIDGE,CWM_WD,TuP1,0.4285714285714285,20,0.44679530489648805,0.005703412682423224,0.43842641224174816,0.45864578671792455,0.018223876325059608,0.018223876325059608,0.01905287743953109,Upland,Transition,0.018223876325059608,0.02021937447617639,0.2,0.4666666666666667,LOW
CD01_CWM_WD,RIDGE,CWM_WD,TuP10,0.4157142857142856,20,0.4619229163149222,0.005930689871598771,0.454172704533038,0.47489103855485826,0.04620863060063661,0.04620863060063661,0.046568787510751455,Upland,Transition,0.04620863060063661,0.020718334021820273,0.5111111111111111,0.5222222222222223,LOW
CD01_CWM_WD,RIDGE,CWM_WD,TuP2,0.422,20,0.4565366690651884,0.0049096812799962735,0.4475935077674216,0.46534640403840943,0.03453666906518841,0.03453666906518841,0.03486662059729808,Upland,Transition,0.03453666906518841,0.01775289627098786,0.37777777777777777,0.26666666666666666,LOW
CD01_CWM_WD,RIDGE,CWM_WD,TuP3,0.4644444444444444,20,0.37611415652033353,0.0057116592566689335,0.368105408309816,0.38855390230945164,-0.08833028792411085,0.08833028792411085,0.08850554594853026,Upland,Transition,0.08833028792411085,0.020448493999635664,0.7444444444444445,0.4777777777777778,LOW
CD01_CWM_WD,RIDGE,CWM_WD,TuP4,0.3975,20,0.4925620748999456,0.005036711124986665,0.48627716908695434,0.5031773416409129,0.09506207489994559,0.09506207489994559,0.0951887499670607,Upland,Transition,0.09506207489994559,0.016900172553958537,0.7888888888888889,0.3111111111111111,MODERATE
CD01_CWM_WD,RIDGE,CWM_WD,TuP5,0.4609999999999999,20,0.41691535003687086,0.007016772496278105,0.4022653816449413,0.42842734242363234,-0.04408464996312898,0.04408464996312898,0.04461199058350689,Upland,Transition,0.04408464996312898,0.02616196077869104,0.5,0.6555555555555556,LOW
CD01_CWM_WD,RIDGE,CWM_WD,TuP6,0.465,20,0.4901292720700754,0.00686130110658283,0.4808889147647541,0.5065662597586471,0.02512927207007538,0.02512927207007538,0.026003920762133273,Upland,Transition,0.02512927207007538,0.025677344993893014,0.3,0.6222222222222222,LOW
CD01_CWM_WD,RIDGE,CWM_WD,TuP7,0.462,20,0.4849701791457802,0.011338538305354808,0.4674111539164036,0.5140618515522364,0.022970179145780173,0.022970179145780173,0.025490458182349976,Upland,Transition,0.022970179145780173,0.046650697635832794,0.26666666666666666,0.9444444444444444,HIGH
CD01_CWM_WD,RIDGE,CWM_WD,TuP8,0.4366666666666667,20,0.4720604642954648,0.005286446202826821,0.46467064876127034,0.48216640725263604,0.035393797628798095,0.035393797628798095,0.03576688550001141,Upland,Transition,0.035393797628798095,0.0174957584913657,0.4,0.3333333333333333,LOW
CD01_CWM_WD,RIDGE,CWM_WD,TuP9,0.38625,20,0.4621097956815131,0.006743531543947719,0.45203126142238836,0.48192381433413484,0.07585979568151312,0.07585979568151312,0.076144008678562,Upland,Transition,0.07585979568151312,0.029892552911746473,0.6666666666666666,0.6111111111111112,LOW
CD02_FDis,RANDOM_FOREST,FDis,BmP1,1.6922096019465238,20,1.7098713769346083,0.03118766691469324,1.632264052453862,1.7552425976862265,0.017661774988084446,0.03163168646359656,0.03515644087407717,Major River,Buffer,0.017661774988084446,0.1229785452323644,0.12222222222222222,0.45555555555555555,LOW
CD02_FDis,RANDOM_FOREST,FDis,BmP10,1.6260271514830502,20,1.7173657205586952,0.02273743419523994,1.6536058796156479,1.7496683690907757,0.0913385690756451,0.0913385690756451,0.093988699155165,Major River,Buffer,0.0913385690756451,0.09606248947512785,0.34444444444444444,0.24444444444444444,LOW
CD02_FDis,RANDOM_FOREST,FDis,BmP2,1.585489648486885,20,1.5679795184044893,0.013069153712987237,1.5500554208274193,1.5993112810724315,-0.017510130082395735,0.019068990855537205,0.021653343744960574,Major River,Buffer,0.017510130082395735,0.04925586024501216,0.07777777777777778,0.03333333333333333,LOW
CD02_FDis,RANDOM_FOREST,FDis,BmP3,1.6852035581350082,20,1.6732602985010865,0.026993808071791865,1.6052753644979953,1.7241962198522829,-0.011943259633921965,0.02239675789068226,0.02889418351829946,Major River,Buffer,0.011943259633921965,0.11892085535428754,0.08888888888888889,0.34444444444444444,LOW
CD02_FDis,RANDOM_FOREST,FDis,BmP4,1.7597126021974243,20,1.626743126728653,0.023386605997926274,1.5714084309834946,1.6628541047253915,-0.1329694754687715,0.1329694754687715,0.13490911043935228,Major River,Buffer,0.1329694754687715,0.09144567374189694,0.5222222222222223,0.26666666666666666,LOW
CD02_FDis,RANDOM_FOREST,FDis,BmP5,1.9907648308977288,20,1.962999320813962,0.12787731202822372,1.6137148371782595,2.0701837514373356,-0.02776551008376672,0.08441760152609454,0.1276945579701706,Major River,Buffer,0.02776551008376672,0.4564689142590761,0.32222222222222224,0.9888888888888889,HIGH
CD02_FDis,RANDOM_FOREST,FDis,BmP6,1.7885764164145614,20,1.6003843846032915,0.029354027369904,1.571533234921724,1.6900565309204254,-0.18819203181127006,0.18819203181127006,0.1903544504705511,Major River,Buffer,0.18819203181127006,0.11852329599870148,0.6333333333333333,0.4111111111111111,LOW
CD02_FDis,RANDOM_FOREST,FDis,BmP7,1.8275097408946472,20,1.5528774106464143,0.0212424601774117,1.5218354072711129,1.5922607280072927,-0.274632330248233,0.274632330248233,0.27541168607421873,Major River,Buffer,0.274632330248233,0.0704253207361798,0.8444444444444444,0.2,MODERATE
CD02_FDis,RANDOM_FOREST,FDis,BmP8,1.5753154471664896,20,1.6135612023540844,0.02083247189749852,1.5829749066822554,1.6493227383662243,0.03824575518759484,0.03824575518759484,0.04330161753285323,Major River,Buffer,0.03824575518759484,0.06634783168396896,0.14444444444444443,0.17777777777777778,LOW
CD02_FDis,RANDOM_FOREST,FDis,BmP9,1.6469926742285126,20,1.7679286399443623,0.015059390921326927,1.7447728609349182,1.8108939241997999,0.1209359657158495,0.1209359657158495,0.12182345338973283,Major River,Buffer,0.1209359657158495,0.06612106326488165,0.4444444444444444,0.08888888888888889,LOW
CD02_FDis,RANDOM_FOREST,FDis,BsP1,1.4615722971983691,20,1.3944818909454653,0.06495145659747896,1.3019408943759068,1.5320552446072466,-0.06709040625290377,0.08363775472217919,0.0922435891518058,Stream,Buffer,0.06709040625290377,0.23011435023133986,0.3,0.9,HIGH
CD02_FDis,RANDOM_FOREST,FDis,BsP10,1.7638322969338716,20,1.813246797572133,0.03891037180963275,1.744071317473177,1.872494486226988,0.04941450063826138,0.0552640244007685,0.06229052139751602,Stream,Buffer,0.04941450063826138,0.1284231687538111,0.2222222222222222,0.5666666666666667,LOW
CD02_FDis,RANDOM_FOREST,FDis,BsP2,1.2376536979554675,20,1.472941614767699,0.04107763435818149,1.3939866225647948,1.5657134261402361,0.23528791681223143,0.23528791681223143,0.23867008032026296,Stream,Buffer,0.23528791681223143,0.17172680357544134,0.7444444444444445,0.6111111111111112,LOW
CD02_FDis,RANDOM_FOREST,FDis,BsP3,1.670383487840285,20,1.5595101236906346,0.0428376986821462,1.4900284616769337,1.64045934844671,-0.11087336414965032,0.11087336414965032,0.11847454530330218,Stream,Buffer,0.11087336414965032,0.15043088676977634,0.4111111111111111,0.6777777777777778,LOW
CD02_FDis,RANDOM_FOREST,FDis,BsP4,1.3718923212641478,20,1.5681027161417587,0.020240711422567205,1.5290149566640603,1.6171855573261191,0.19621039487761094,0.19621039487761094,0.19719969862293166,Stream,Buffer,0.19621039487761094,0.08817060066205884,0.6666666666666666,0.14444444444444443,LOW
CD02_FDis,RANDOM_FOREST,FDis,BsP5,1.8642543387857864,20,1.7076790043111552,0.031197384699672207,1.6417533734499563,1.7628221085923275,-0.1565753344746313,0.1565753344746313,0.15950062174592622,Stream,Buffer,0.1565753344746313,0.12106873514237115,0.5666666666666667,0.4666666666666667,LOW
CD02_FDis,RANDOM_FOREST,FDis,BsP6,1.3482727092943954,20,1.5877665870629274,0.042369754131423555,1.5079962914663856,1.691656924707977,0.23949387776853198,0.23949387776853198,0.24302829825044647,Stream,Buffer,0.23949387776853198,0.18366063324159132,0.7555555555555555,0.6555555555555556,MODERATE
CD02_FDis,RANDOM_FOREST,FDis,BsP7,1.7537725052501962,20,1.5847475253452126,0.022403150004054715,1.5474167016401976,1.6300889910692091,-0.16902497990498372,0.16902497990498372,0.170429603958582,Stream,Buffer,0.16902497990498372,0.0826722894290115,0.6,0.2222222222222222,LOW
CD02_FDis,RANDOM_FOREST,FDis,BsP8,1.8390226503426368,20,1.7105848451723844,0.020221722093508962,1.6835616783030256,1.7581146095727358,-0.12843780517025244,0.12843780517025244,0.12994130189880918,Stream,Buffer,0.12843780517025244,0.07455293126971019,0.4888888888888889,0.13333333333333333,LOW
CD02_FDis,RANDOM_FOREST,FDis,BsP9,1.5589992381964568,20,1.6801892658873705,0.033626042029927736,1.5676388509845824,1.7168070718312782,0.12119002769091383,0.12119002769091383,0.12554360987000893,Stream,Buffer,0.12119002769091383,0.1491682208466958,0.4666666666666667,0.4888888888888889,LOW
CD02_FDis,RANDOM_FOREST,FDis,BuP1,1.7323527466091853,20,1.7736206142367572,0.05023963667110122,1.6456598364358805,1.8340345614290336,0.04126786762757177,0.05915657702570891,0.06403793357634856,Upland,Buffer,0.04126786762757177,0.1883747249931531,0.24444444444444444,0.7111111111111111,LOW
CD02_FDis,RANDOM_FOREST,FDis,BuP10,1.5469708070808017,20,1.6206489628010392,0.028423069182291903,1.572491051649308,1.6726595429471625,0.07367815572023735,0.07367815572023735,0.07871434398500586,Upland,Buffer,0.07367815572023735,0.10016849129785443,0.2777777777777778,0.3888888888888889,LOW
CD02_FDis,RANDOM_FOREST,FDis,BuP2,1.3121914361187996,20,1.5846769281222772,0.015929099209125,1.5554360174072484,1.6199865971310663,0.27248549200347766,0.27248549200347766,0.27292744959771037,Upland,Buffer,0.27248549200347766,0.06455057972381795,0.8333333333333334,0.1,MODERATE
CD02_FDis,RANDOM_FOREST,FDis,BuP3,1.4108311948002903,20,1.5943278728470944,0.04033787564252411,1.537802532217754,1.6884355611698298,0.1834966780468042,0.1834966780468042,0.18766144477488353,Upland,Buffer,0.1834966780468042,0.15063302895207586,0.6222222222222222,0.5888888888888889,LOW
CD02_FDis,RANDOM_FOREST,FDis,BuP4,1.6325721932941426,20,1.6358967711289876,0.020649834580958322,1.6010713839093296,1.675049000629157,0.003324577834844833,0.017495378053782762,0.020399698590661517,Upland,Buffer,0.003324577834844833,0.07397761671982739,0.044444444444444446,0.16666666666666666,LOW
CD02_FDis,RANDOM_FOREST,FDis,BuP5,1.52170317522943,20,1.4901454507188938,0.04122326969932349,1.4124189609511386,1.5477723477720264,-0.031557724510536456,0.04004323090240079,0.05109089980369217,Upland,Buffer,0.031557724510536456,0.13535338682088782,0.16666666666666666,0.6222222222222222,LOW
CD02_FDis,RANDOM_FOREST,FDis,BuP6,1.667081330417253,20,1.6256820437279416,0.012460122672089763,1.604250715767657,1.654095237533666,-0.041399286689311546,0.041399286689311546,0.04314386239706822,Upland,Buffer,0.041399286689311546,0.04984452176600884,0.17777777777777778,0.022222222222222223,LOW
CD02_FDis,RANDOM_FOREST,FDis,BuP7,1.752807867226157,20,1.749859762022658,0.026418943883281237,1.6872352949142548,1.8184893461217382,-0.002948105203498885,0.01854616553520112,0.025918215417027875,Upland,Buffer,0.002948105203498885,0.13125405120748335,0.06666666666666667,0.32222222222222224,LOW
CD02_FDis,RANDOM_FOREST,FDis,BuP8,1.4082109927912507,20,1.6800603158389744,0.030172195246882385,1.6111052818676947,1.725776221757831,0.2718493230477236,0.2718493230477236,0.2734353630005102,Upland,Buffer,0.2718493230477236,0.11467093989013621,0.8222222222222222,0.43333333333333335,MODERATE
CD02_FDis,RANDOM_FOREST,FDis,BuP9,1.8201912166460104,20,1.820148454977629,0.030288723981116112,1.758829375407367,1.8577198626590945,-4.2761668381297024e-05,0.023755185700487923,0.02952182733071094,Upland,Buffer,4.2761668381297024e-05,0.09889048725172755,0.1111111111111111,0.4444444444444444,LOW
CD02_FDis,RANDOM_FOREST,FDis,CmP1,1.549648755865329,20,1.6688667173864289,0.02051270635588719,1.6240227927881241,1.7125944878102384,0.11921796152110006,0.11921796152110006,0.12088281480503013,Major River,Core,0.11921796152110006,0.08857169502211426,0.43333333333333335,0.15555555555555556,LOW
CD02_FDis,RANDOM_FOREST,FDis,CmP10,1.3742064055878451,20,1.6376150717213025,0.013924742902481935,1.609205702602019,1.6543476367180405,0.2634086661334576,0.2634086661334576,0.26375808790606314,Major River,Core,0.2634086661334576,0.04514193411602152,0.7888888888888889,0.05555555555555555,MODERATE
CD02_FDis,RANDOM_FOREST,FDis,CmP2,1.3721195030879645,20,1.5340346413014418,0.024838398806811057,1.4903105658880635,1.5725759904061525,0.16191513821347747,0.16191513821347747,0.16371502904501894,Major River,Core,0.16191513821347747,0.08226542451808894,0.5888888888888889,0.3111111111111111,LOW
CD02_FDis,RANDOM_FOREST,FDis,CmP3,1.6260822291125805,20,1.6385330307767472,0.01795514594712686,1.6004349924936825,1.6772176854401424,0.012450801664166844,0.01587999838510353,0.02147767130682269,Major River,Core,0.012450801664166844,0.0767826929464599,0.011111111111111112,0.12222222222222222,LOW
CD02_FDis,RANDOM_FOREST,FDis,CmP4,1.4629370108766342,20,1.5466485193028414,0.01654894711110698,1.51387666371636,1.5671051694120952,0.08371150842620707,0.08371150842620707,0.08525133964315658,Major River,Core,0.08371150842620707,0.05322850569573512,0.3111111111111111,0.1111111111111111,LOW
CD02_FDis,RANDOM_FOREST,FDis,CmP5,1.2468049033003985,20,1.6691342770070932,0.05109578431507322,1.5682645951961531,1.7516132770960966,0.4223293737066946,0.4223293737066946,0.42525561737797507,Major River,Core,0.4223293737066946,0.18334868189994347,0.9222222222222223,0.7444444444444445,HIGH
CD02_FDis,RANDOM_FOREST,FDis,CmP6,1.4337041640080512,20,1.5271319593020118,0.024409528473773208,1.4890100774869728,1.5845085147930391,0.0934277952939607,0.0934277952939607,0.09640947442957343,Major River,Core,0.0934277952939607,0.09549843730606633,0.36666666666666664,0.28888888888888886,LOW
CD02_FDis,RANDOM_FOREST,FDis,CmP7,1.610010364672139,20,1.5989778775773764,0.021202140891519856,1.5546165581994411,1.6437028206872062,-0.011032487094762677,0.017748112296612793,0.02342584066710884,Major River,Core,0.011032487094762677,0.08908626248776508,0.05555555555555555,0.18888888888888888,LOW
CD02_FDis,RANDOM_FOREST,FDis,CmP8,1.5797608250239128,20,1.71049427971762,0.01408135906497552,1.6629637556896952,1.7321565213203693,0.13073345469370704,0.13073345469370704,0.1314519175045099,Major River,Core,0.13073345469370704,0.06919276563067411,0.5,0.06666666666666667,LOW
CD02_FDis,RANDOM_FOREST,FDis,CmP9,1.624104638859433,20,1.5314857094360677,0.02699353976191278,1.4766511190045173,1.5823008586701657,-0.09261892942336522,0.09261892942336522,0.09628335638605653,Major River,Core,0.09261892942336522,0.10564973966564839,0.35555555555555557,0.3333333333333333,LOW
CD02_FDis,RANDOM_FOREST,FDis,CsP1,1.8290436910347256,20,1.7911567778246273,0.02795577588979787,1.7316760154449697,1.8415305579456809,-0.03788691321009833,0.03943894497233874,0.04666762612250699,Stream,Core,0.03788691321009833,0.10985454250071114,0.15555555555555556,0.37777777777777777,LOW
CD02_FDis,RANDOM_FOREST,FDis,CsP10,1.580018149829522,20,1.7860191203370004,0.058481700582095404,1.600618898456419,1.8636363165529533,0.2060009705074784,0.2060009705074784,0.2137416751310987,Stream,Core,0.2060009705074784,0.26301741809653434,0.6888888888888889,0.8555555555555555,MODERATE
CD02_FDis,RANDOM_FOREST,FDis,CsP2,1.585489648486885,20,1.5687944607087654,0.009970955425916268,1.55295017752011,1.5880772675692554,-0.01669518777811967,0.016953949686356707,0.019317822067898997,Stream,Core,0.01669518777811967,0.03512709004914538,0.022222222222222223,0.011111111111111112,LOW
CD02_FDis,RANDOM_FOREST,FDis,CsP3,1.748173020862429,20,1.6505700826862788,0.022923858878590626,1.6005191060861919,1.6929863986829325,-0.0976029381761502,0.0976029381761502,0.100127726835321,Stream,Core,0.0976029381761502,0.09246729259674069,0.37777777777777777,0.25555555555555554,LOW
CD02_FDis,RANDOM_FOREST,FDis,CsP4,1.703158438505631,20,1.6032667541947725,0.015046418362453049,1.5839815170793505,1.627243079079392,-0.09989168431085872,0.09989168431085872,0.10096248592780055,Stream,Core,0.09989168431085872,0.04326156200004139,0.3888888888888889,0.07777777777777778,LOW
CD02_FDis,RANDOM_FOREST,FDis,CsP5,1.9907648308977288,20,1.9575278777892648,0.14973747770510498,1.6137148371782595,2.130938230711762,-0.03323695310846401,0.10799868115436881,0.14968280352113497,Stream,Core,0.03323695310846401,0.5172233935335027,0.4,1.0,HIGH
CD02_FDis,RANDOM_FOREST,FDis,CsP6,1.748561221878778,20,1.710265239579573,0.05137357808154392,1.6011231177453897,1.8159804107089113,-0.03829598229920526,0.0506838789434735,0.06303859578794968,Stream,Core,0.03829598229920526,0.21485729296352152,0.2,0.7555555555555555,MODERATE
CD02_FDis,RANDOM_FOREST,FDis,CsP7,1.4797042507397251,20,1.6178144648501782,0.024642260411334004,1.5872996359678715,1.6634536994603564,0.1381102141104532,0.1381102141104532,0.14018313090349432,Stream,Core,0.1381102141104532,0.07615406349248488,0.5333333333333333,0.3,LOW
CD02_FDis,RANDOM_FOREST,FDis,CsP8,1.6478177671947116,20,1.8272159737393079,0.059606781794321814,1.6443311553622457,1.9313268578976859,0.1793982065445961,0.17974686772784268,0.18857103840595368,Stream,Core,0.1793982065445961,0.28699570253544016,0.6111111111111112,0.8777777777777778,MODERATE
CD02_FDis,RANDOM_FOREST,FDis,CsP9,1.6651187370902774,20,1.6194046029835423,0.0348227242793032,1.5581682059218271,1.7170248070652365,-0.04571413410673505,0.051439464119122646,0.056936570647074566,Stream,Core,0.04571413410673505,0.15885660114340938,0.2111111111111111,0.5222222222222223,LOW
CD02_FDis,RANDOM_FOREST,FDis,CuP1,1.5257145471226057,20,1.3948953574865963,0.052210715103246805,1.3171895027001335,1.488772339144376,-0.13081918963600947,0.13081918963600947,0.14036851929843455,Upland,Core,0.13081918963600947,0.17158283644424244,0.5111111111111111,0.7777777777777778,MODERATE
CD02_FDis,RANDOM_FOREST,FDis,CuP10,1.7907681573185472,20,1.559689332831523,0.02788062822155483,1.5198607206765178,1.6222802188096388,-0.23107882448702433,0.23107882448702433,0.23267119736837244,Upland,Core,0.23107882448702433,0.10241949813312101,0.7333333333333333,0.36666666666666664,LOW
CD02_FDis,RANDOM_FOREST,FDis,CuP2,1.6637583632724262,20,1.6589850506819785,0.023679698718785655,1.6038230234060304,1.7080318204721843,-0.00477331259044741,0.017301686073986956,0.02356854339852079,Upland,Core,0.00477331259044741,0.10420879706615382,0.03333333333333333,0.2777777777777778,LOW
CD02_FDis,RANDOM_FOREST,FDis,CuP3,1.7126218268341509,20,1.518607955556931,0.04764096289015131,1.4022863434578716,1.609144554350319,-0.19401387127721986,0.19401387127721986,0.19949325934933085,Upland,Core,0.19401387127721986,0.20685821089244727,0.6444444444444445,0.6888888888888889,LOW
CD02_FDis,RANDOM_FOREST,FDis,CuP4,1.804689290327236,20,1.645473586535949,0.021861316786534333,1.5736422683542466,1.6732792056633212,-0.1592157037912868,0.1592157037912868,0.1606351818463624,Upland,Core,0.1592157037912868,0.09963693730907464,0.5777777777777777,0.2111111111111111,LOW
CD02_FDis,RANDOM_FOREST,FDis,CuP5,1.652878151064698,20,1.5365015436751528,0.032772419213133765,1.4766511190045173,1.6036354627564124,-0.11637660738954499,0.11637660738954499,0.12068075503379817,Upland,Core,0.11637660738954499,0.12698434375189516,0.4222222222222222,0.4777777777777778,LOW
CD02_FDis,RANDOM_FOREST,FDis,CuP6,1.595432956136453,20,1.6032953403540435,0.0521061642317845,1.483187226687526,1.6613049447337995,0.007862384217590456,0.04225443951474589,0.051391797195537214,Upland,Core,0.007862384217590456,0.17811771804627363,0.18888888888888888,0.7666666666666667,MODERATE
CD02_FDis,RANDOM_FOREST,FDis,CuP7,1.785621373419769,20,1.5661633038421745,0.04139084165978115,1.5060280424260024,1.6484654629286983,-0.21945806957759467,0.21945806957759467,0.2231353535129837,Upland,Core,0.21945806957759467,0.14243742050269592,0.7222222222222222,0.6444444444444445,LOW
CD02_FDis,RANDOM_FOREST,FDis,CuP8,1.7460953380476807,20,1.5928860910659695,0.04071399272764107,1.4916445966643683,1.631225608875561,-0.15320924698171123,0.15320924698171123,0.15826503437063438,Upland,Core,0.15320924698171123,0.13958101221119268,0.5555555555555556,0.6,LOW
CD02_FDis,RANDOM_FOREST,FDis,CuP9,1.669960070235498,20,1.5488622654312896,0.03965651059817555,1.4783054327973235,1.6269686106287933,-0.12109780480420831,0.12109780480420831,0.12711681721778667,Upland,Core,0.12109780480420831,0.14866317783146976,0.45555555555555555,0.5777777777777777,LOW
CD02_FDis,RANDOM_FOREST,FDis,TmP1,1.4718575945763408,20,1.6680063946228891,0.034266604062070875,1.6068047753118446,1.7451208281691375,0.1961488000465482,0.1961488000465482,0.19897196261270117,Major River,Transition,0.1961488000465482,0.13831605285729287,0.6555555555555556,0.5,LOW
CD02_FDis,RANDOM_FOREST,FDis,TmP10,1.4665960823323403,20,1.7335310073579595,0.0412976263477179,1.6498260924481067,1.8384178314064141,0.2669349250256194,0.2669349250256194,0.26995272445984125,Major River,Transition,0.2669349250256194,0.1885917389583074,0.8111111111111111,0.6333333333333333,MODERATE
CD02_FDis,RANDOM_FOREST,FDis,TmP2,2.1676288473661294,20,1.711500621251058,0.03591768324410998,1.6257744496817288,1.7542014794145,-0.45612822611507153,0.45612822611507153,0.4574697089753865,Major River,Transition,0.45612822611507153,0.1284270297327712,0.9555555555555556,0.5333333333333333,HIGH
CD02_FDis,RANDOM_FOREST,FDis,TmP3,1.701411063049406,20,1.6824093895257346,0.029371494561505732,1.6172810824465216,1.7274044850648396,-0.019001673523671315,0.02373329865232744,0.03436006482586905,Major River,Transition,0.019001673523671315,0.11012340261831799,0.1,0.4222222222222222,LOW
CD02_FDis,RANDOM_FOREST,FDis,TmP4,1.0027869076632236,20,1.6635651171255321,0.04810308298742683,1.5404030936482462,1.7343362189231688,0.6607782094623084,0.6607782094623084,0.6624394714715185,Major River,Transition,0.6607782094623084,0.19393312527492257,0.9888888888888889,0.7,HIGH
CD02_FDis,RANDOM_FOREST,FDis,TmP5,1.297295647135223,20,1.3671037196067555,0.07734616631941461,1.2520097022822554,1.6199100105793915,0.06980807247153253,0.0743366669568293,0.10274470767044772,Major River,Transition,0.06980807247153253,0.36790030829713616,0.28888888888888886,0.9444444444444444,HIGH
CD02_FDis,RANDOM_FOREST,FDis,TmP6,1.4951097983940702,20,1.7074328197648714,0.027668975032831274,1.6701758093608339,1.7605045063825486,0.2123230213708011,0.2123230213708011,0.21402887416053173,Major River,Transition,0.2123230213708011,0.09032869702171475,0.7,0.35555555555555557,LOW
CD02_FDis,RANDOM_FOREST,FDis,TmP7,1.7859883176606266,20,1.698936947132033,0.04263977355967027,1.6112987508803145,1.7452070796099883,-0.08705137052859373,0.08705137052859373,0.09646338106071897,Major River,Transition,0.08705137052859373,0.13390832872967384,0.3333333333333333,0.6666666666666666,LOW
CD02_FDis,RANDOM_FOREST,FDis,TmP8,1.3943505685635922,20,1.7626812509254826,0.03430969987675998,1.6981752180187524,1.817061060413129,0.3683306823618903,0.3683306823618903,0.36984562901233187,Major River,Transition,0.3683306823618903,0.1188858423943766,0.8888888888888888,0.5111111111111111,MODERATE
CD02_FDis,RANDOM_FOREST,FDis,TmP9,1.6330604151148294,20,1.7581507645716095,0.022504351922574488,1.7198026567525142,1.8027842625747164,0.12509034945678016,0.12509034945678016,0.12699889404991566,Major River,Transition,0.12509034945678016,0.08298160582220215,0.4777777777777778,0.23333333333333334,LOW
CD02_FDis,RANDOM_FOREST,FDis,TsP1,2.071419731327252,20,1.5776483380783861,0.05821006488880848,1.5142998058264376,1.7280673108813136,-0.4937713932488661,0.4937713932488661,0.49702030125797436,Stream,Transition,0.4937713932488661,0.21376750505487596,0.9666666666666667,0.8444444444444444,HIGH
CD02_FDis,RANDOM_FOREST,FDis,TsP10,1.5791042214997209,20,1.6097524774254208,0.02904648624341138,1.5637560008525442,1.6768510745134915,0.030648255925699763,0.03218307799041743,0.04172324335692807,Stream,Transition,0.030648255925699763,0.11309507366094729,0.13333333333333333,0.4,LOW
CD02_FDis,RANDOM_FOREST,FDis,TsP2,1.9856472167908747,20,1.7706462933129241,0.05542414479452901,1.6429858287349826,1.840819058111407,-0.2150009234779505,0.2150009234779505,0.2216836510238547,Stream,Transition,0.2150009234779505,0.19783322937642445,0.7111111111111111,0.8222222222222222,MODERATE
CD02_FDis,RANDOM_FOREST,FDis,TsP3,1.7986008371256086,20,1.8010210600442573,0.07369052753912596,1.6257744496817288,1.9207590890556556,0.002420222918648729,0.055616358714027404,0.07186540638945066,Stream,Transition,0.002420222918648729,0.2949846393739268,0.23333333333333334,0.9333333333333333,HIGH
CD02_FDis,RANDOM_FOREST,FDis,TsP4,1.039274247121184,20,1.2441015053210491,0.08239181496999165,1.1257845001696873,1.501451327085241,0.204827258199865,0.204827258199865,0.2200072642369361,Stream,Transition,0.204827258199865,0.37566682691555364,0.6777777777777778,0.9777777777777777,HIGH
CD02_FDis,RANDOM_FOREST,FDis,TsP5,0.9417009797196452,20,1.1868787908859901,0.03731765939548523,1.1516229357934873,1.2978535863229919,0.24517781116634504,0.24517781116634504,0.24786112322415454,Stream,Transition,0.24517781116634504,0.14623065052950457,0.7666666666666667,0.5444444444444444,MODERATE
CD02_FDis,RANDOM_FOREST,FDis,TsP6,1.967378855447456,20,1.656791659872043,0.013746359197865987,1.6218499984428694,1.6779429607310974,-0.31058719557541314,0.31058719557541314,0.31087605299706966,Stream,Transition,0.31058719557541314,0.05609296228822802,0.8666666666666667,0.044444444444444446,MODERATE
CD02_FDis,RANDOM_FOREST,FDis,TsP7,1.3625709657138958,20,1.799586579923821,0.05070210750979302,1.683681907701075,1.8918380862201796,0.4370156142099252,0.4370156142099252,0.439800881745269,Stream,Transition,0.4370156142099252,0.20815617851910462,0.9444444444444444,0.7222222222222222,HIGH
CD02_FDis,RANDOM_FOREST,FDis,TsP8,1.060409863605516,20,1.3624999479850899,0.0802892470721753,1.2194099152797173,1.5938786577243749,0.3020900843795741,0.3020900843795741,0.3120616351237431,Stream,Transition,0.3020900843795741,0.37446874244465755,0.8555555555555555,0.9555555555555556,HIGH
CD02_FDis,RANDOM_FOREST,FDis,TsP9,1.79619465045184,20,1.5303031786671468,0.06334908402837071,1.404903139599448,1.6582311064992545,-0.26589147178469313,0.26589147178469313,0.2729665288871552,Stream,Transition,0.26589147178469313,0.2533279668998065,0.8,0.8888888888888888,MODERATE
CD02_FDis,RANDOM_FOREST,FDis,TuP1,2.924414402508278,20,1.7541053391304575,0.05904220230020549,1.6021281603474884,1.856202547839806,-1.1703090633778201,1.1703090633778201,1.1717230843480493,Upland,Transition,1.1703090633778201,0.2540743874923177,1.0,0.8666666666666667,HIGH
CD02_FDis,RANDOM_FOREST,FDis,TuP10,1.5315754549363598,20,1.8565941655220601,0.05789162880383142,1.719976658473807,1.9302201742231428,0.32501871058570025,0.32501871058570025,0.32988032812229606,Upland,Transition,0.32501871058570025,0.21024351574933586,0.8777777777777778,0.8333333333333334,MODERATE
CD02_FDis,RANDOM_FOREST,FDis,TuP2,1.959219209608106,20,1.70559697535802,0.06729968944337708,1.5573708535254316,1.8163661988826745,-0.253622234250086,0.253622234250086,0.2619676000867698,Upland,Transition,0.253622234250086,0.2589953453572429,0.7777777777777778,0.9222222222222223,HIGH
CD02_FDis,RANDOM_FOREST,FDis,TuP3,1.0881658073888012,20,1.517944791714658,0.0821619404302184,1.339788124797455,1.6903726348659303,0.42977898432585687,0.42977898432585687,0.4371762008626052,Upland,Transition,0.42977898432585687,0.35058451006847524,0.9333333333333333,0.9666666666666667,HIGH
CD02_FDis,RANDOM_FOREST,FDis,TuP4,1.6212802726868671,20,1.65595510545232,0.0669638741314428,1.524741459219213,1.7748154966877574,0.034674832765453044,0.06649596429531124,0.07390735040622998,Upland,Transition,0.034674832765453044,0.2500740374685444,0.25555555555555554,0.9111111111111111,HIGH
CD02_FDis,RANDOM_FOREST,FDis,TuP5,0.8766009122519117,20,1.440658801088452,0.05337434647558293,1.3736305098515182,1.615308766193473,0.5640578888365402,0.5640578888365402,0.5664518353552626,Upland,Transition,0.5640578888365402,0.24167825634195483,0.9777777777777777,0.8111111111111111,HIGH
CD02_FDis,RANDOM_FOREST,FDis,TuP6,2.0604414160492137,20,1.6851630368038202,0.0526648142622631,1.617549234732128,1.8195711299497934,-0.37527837924539365,0.37527837924539365,0.37877270949378633,Upland,Transition,0.37527837924539365,0.20202189521766534,0.9,0.8,HIGH
CD02_FDis,RANDOM_FOREST,FDis,TuP7,1.6967334502757114,20,1.5572645029812942,0.05073011080920261,1.4928428778571268,1.642891182402846,-0.13946894729441736,0.13946894729441736,0.14797450521961966,Upland,Transition,0.13946894729441736,0.15004830454571927,0.5444444444444444,0.7333333333333333,LOW
CD02_FDis,RANDOM_FOREST,FDis,TuP8,1.6714786505929893,20,1.603205647551628,0.03762042641755682,1.5267059510154157,1.7043459156040706,-0.0682730030413612,0.07155972954246934,0.07749667479274566,Upland,Transition,0.0682730030413612,0.17763996458865483,0.26666666666666666,0.5555555555555556,LOW
CD02_FDis,RANDOM_FOREST,FDis,TuP9,1.638172594265633,20,1.2271329248197556,0.05231243066509729,1.1647037265813387,1.3459141704720567,-0.41103966944587744,0.41103966944587744,0.4141900176732442,Upland,Transition,0.41103966944587744,0.18121044389071805,0.9111111111111111,0.7888888888888889,HIGH
CD04_Richness,RANDOM_FOREST,Richness,BmP1,10.0,20,9.155579365079365,0.3560708354617061,8.61074920634921,9.716334920634923,-0.8444206349206343,0.8444206349206343,0.9129585568649021,Major River,Buffer,0.8444206349206343,1.1055857142857128,0.26666666666666666,0.3888888888888889,LOW
CD04_Richness,RANDOM_FOREST,Richness,BmP10,10.0,20,9.783872467532465,0.5444535421626459,8.785585714285709,11.300526190476196,-0.21612753246753424,0.4496058441558445,0.5729915242700234,Major River,Buffer,0.21612753246753424,2.514940476190487,0.12222222222222222,0.7666666666666667,MODERATE
CD04_Richness,RANDOM_FOREST,Richness,BmP2,10.0,20,11.728680505050507,0.6795597355583035,10.99264285714286,13.010372222222223,1.7286805050505065,1.7286805050505065,1.8512286868520977,Major River,Buffer,1.7286805050505065,2.0177293650793633,0.4888888888888889,0.9111111111111111,HIGH
CD04_Richness,RANDOM_FOREST,Richness,BmP3,11.0,20,11.312022774170275,0.2424041270295825,10.902864285714282,11.965103968253972,0.3120227741702747,0.32718270202020283,0.3913821461970889,Major River,Buffer,0.3120227741702747,1.0622396825396905,0.044444444444444446,0.1,LOW
CD04_Richness,RANDOM_FOREST,Richness,BmP4,11.0,20,12.808659545454546,0.43448194836086323,11.978564357864359,13.523163492063501,1.8086595454545467,1.8086595454545467,1.8575750823702193,Major River,Buffer,1.8086595454545467,1.5445991341991423,0.5333333333333333,0.5444444444444444,LOW
CD04_Richness,RANDOM_FOREST,Richness,BmP5,5.0,20,6.676874707792209,0.4782178775110649,6.090070634920634,7.693795238095238,1.676874707792208,1.676874707792208,1.740450087502032,Major River,Buffer,1.676874707792208,1.6037246031746042,0.4777777777777778,0.6777777777777778,LOW
CD04_Richness,RANDOM_FOREST,Richness,BmP6,14.0,20,11.495735984848485,0.5857408217890199,10.427568903318901,12.226180952380956,-2.5042640151515143,2.5042640151515143,2.568516293967659,Major River,Buffer,2.5042640151515143,1.7986120490620543,0.7333333333333333,0.8111111111111111,MODERATE
CD04_Richness,RANDOM_FOREST,Richness,BmP7,10.0,20,10.159350162337663,0.5225285219871235,8.984997619047613,11.00786825396826,0.15935016233766436,0.4394329617604627,0.5336447579734904,Major River,Buffer,0.15935016233766436,2.022870634920647,0.1,0.7444444444444445,LOW
CD04_Richness,RANDOM_FOREST,Richness,BmP8,8.0,20,10.855971702741702,0.47243657852254306,9.971906349206344,11.78242056277056,2.8559717027417006,2.8559717027417006,2.8928551418194295,Major River,Buffer,2.8559717027417006,1.8105142135642147,0.8111111111111111,0.6333333333333333,MODERATE
CD04_Richness,RANDOM_FOREST,Richness,BmP9,14.0,20,11.720548892496392,0.3979667338260961,10.79489047619048,12.292452380952382,-2.279451107503607,2.279451107503607,2.312218847053631,Major River,Buffer,2.279451107503607,1.497561904761902,0.6777777777777778,0.4666666666666667,LOW
CD04_Richness,RANDOM_FOREST,Richness,BsP1,7.0,20,10.254420541125542,0.45002085472727954,9.379350000000008,11.134077777777772,3.2544205411255414,3.2544205411255414,3.2838462037228324,Stream,Buffer,3.2544205411255414,1.7547277777777648,0.8444444444444444,0.5777777777777777,MODERATE
CD04_Richness,RANDOM_FOREST,Richness,BsP10,14.0,20,7.424021886724385,0.419604090991878,6.676703968253962,7.937663852813851,-6.575978113275615,6.575978113275615,6.588683659108106,Stream,Buffer,6.575978113275615,1.260959884559889,1.0,0.5111111111111111,HIGH
CD04_Richness,RANDOM_FOREST,Richness,BsP2,7.0,20,9.092561176046177,0.3762613440317926,8.60384523809524,10.081919841269846,2.092561176046176,2.092561176046176,2.1244543404266745,Stream,Buffer,2.092561176046176,1.4780746031746066,0.6222222222222222,0.4111111111111111,LOW
CD04_Richness,RANDOM_FOREST,Richness,BsP3,8.0,20,10.301251056998558,0.6228725236368013,8.525514285714287,11.609016666666665,2.3012510569985576,2.3012510569985576,2.3799848947007147,Stream,Buffer,2.3012510569985576,3.0835023809523783,0.7,0.8333333333333334,MODERATE
CD04_Richness,RANDOM_FOREST,Richness,BsP4,13.0,20,10.938942968142966,0.39797680844352473,10.269792857142859,11.736742857142854,-2.0610570318570334,2.0610570318570334,2.0972416054482785,Stream,Buffer,2.0610570318570334,1.4669499999999953,0.6,0.4777777777777778,LOW
CD04_Richness,RANDOM_FOREST,Richness,BsP5,12.0,20,7.405179253246753,0.34579230708861025,6.334166666666661,7.76203888888889,-4.594820746753247,4.594820746753247,4.607165223698153,Stream,Buffer,4.594820746753247,1.4278722222222289,0.9666666666666667,0.35555555555555557,HIGH
CD04_Richness,RANDOM_FOREST,Richness,BsP6,8.0,20,10.084501962481962,0.48680386199498327,9.059003174603175,10.918465873015881,2.0845019624819634,2.0845019624819634,2.137820743570827,Stream,Buffer,2.0845019624819634,1.859462698412706,0.6111111111111112,0.7,LOW
CD04_Richness,RANDOM_FOREST,Richness,BsP7,11.0,20,11.057597012987014,0.8715616487395578,9.096126190476207,12.31303492063492,0.05759701298701296,0.7118772510822479,0.8514435613010187,Stream,Buffer,0.05759701298701296,3.2169087301587123,0.2,0.9888888888888889,HIGH
CD04_Richness,RANDOM_FOREST,Richness,BsP8,16.0,20,10.691132683150183,0.7398830138049458,8.921576190476191,11.388256349206346,-5.308867316849818,5.308867316849818,5.357623327402498,Stream,Buffer,5.308867316849818,2.4666801587301546,0.9888888888888889,0.9777777777777777,HIGH
CD04_Richness,RANDOM_FOREST,Richness,BsP9,13.0,20,11.091425410422907,0.44022843177954385,10.140959523809524,11.96428412698413,-1.908574589577092,1.908574589577092,1.956212662907356,Stream,Buffer,1.908574589577092,1.8233246031746049,0.5555555555555556,0.5555555555555556,LOW
CD04_Richness,RANDOM_FOREST,Richness,BuP1,7.0,20,8.149333896103895,1.1906914703269313,6.092785714285709,9.645510317460321,1.149333896103896,1.4893623088023087,1.6333484849741051,Upland,Buffer,1.149333896103896,3.552724603174612,0.43333333333333335,1.0,HIGH
CD04_Richness,RANDOM_FOREST,Richness,BuP10,16.0,20,11.48854456709957,0.4572236327304204,10.744257142857142,12.365908730158736,-4.511455432900429,4.511455432900429,4.533412721213197,Upland,Buffer,4.511455432900429,1.621651587301594,0.9555555555555556,0.6,HIGH
CD04_Richness,RANDOM_FOREST,Richness,BuP2,10.0,20,12.6461473015873,0.44255641528495476,11.965679365079367,13.273839682539684,2.6461473015873,2.6461473015873,2.6810742088521393,Upland,Buffer,2.6461473015873,1.3081603174603167,0.7777777777777778,0.5666666666666667,MODERATE
CD04_Richness,RANDOM_FOREST,Richness,BuP3,9.0,20,8.874091194083693,0.469262947680108,8.368603174603177,9.976676984126982,-0.12590880591630596,0.41102718253968196,0.47439472569730656,Upland,Buffer,0.12590880591630596,1.6080738095238054,0.07777777777777778,0.6222222222222222,LOW
CD04_Richness,RANDOM_FOREST,Richness,BuP4,11.0,20,11.34309895021645,0.3012083660128118,10.690130952380958,11.902826984126987,0.34309895021645015,0.37891442640692635,0.4515606774376315,Upland,Buffer,0.34309895021645015,1.2126960317460291,0.05555555555555555,0.24444444444444444,LOW
CD04_Richness,RANDOM_FOREST,Richness,BuP5,11.0,20,13.205951774891773,0.29777381681090287,12.536600793650784,13.59325555555555,2.2059517748917723,2.2059517748917723,2.224962700098001,Upland,Buffer,2.2059517748917723,1.056654761904765,0.6666666666666666,0.2222222222222222,LOW
CD04_Richness,RANDOM_FOREST,Richness,BuP6,12.0,20,9.984883238428239,0.4514858064930145,9.363647619047615,11.292529365079382,-2.0151167615717602,2.0151167615717602,2.0626058820237265,Upland,Buffer,2.0151167615717602,1.9288817460317667,0.5888888888888889,0.5888888888888889,LOW
CD04_Richness,RANDOM_FOREST,Richness,BuP7,13.0,20,11.627901327561329,0.2973337233444844,11.19976219336219,12.145676984126982,-1.3720986724386726,1.3720986724386726,1.4023700448861447,Upland,Buffer,1.3720986724386726,0.9459147907647925,0.36666666666666664,0.2111111111111111,LOW
CD04_Richness,RANDOM_FOREST,Richness,BuP8,14.0,20,11.452427460317459,0.35538782751740505,10.935788888888881,12.262354761904763,-2.547572539682541,2.547572539682541,2.571013677033772,Upland,Buffer,2.547572539682541,1.3265658730158822,0.7444444444444445,0.37777777777777777,LOW
CD04_Richness,RANDOM_FOREST,Richness,BuP9,13.0,20,11.500171349206349,0.39529562644993,10.893831746031744,12.472157142857146,-1.4998286507936516,1.4998286507936516,1.5485256479688754,Upland,Buffer,1.4998286507936516,1.5783253968254023,0.4444444444444444,0.45555555555555555,LOW
CD04_Richness,RANDOM_FOREST,Richness,CmP1,12.0,20,10.983961212121212,0.6028181313950938,10.216604473304471,12.640040476190471,-1.0160387878787889,1.080042835497836,1.17369290405793,Major River,Core,1.0160387878787889,2.4234360028859996,0.3111111111111111,0.8222222222222222,MODERATE
CD04_Richness,RANDOM_FOREST,Richness,CmP10,13.0,20,10.709104989177488,0.3092119664743152,10.068039682539682,11.046253174603175,-2.2908950108225117,2.2908950108225117,2.3106344126260745,Major River,Core,2.2908950108225117,0.9782134920634924,0.6888888888888889,0.2777777777777778,LOW
CD04_Richness,RANDOM_FOREST,Richness,CmP2,15.0,20,11.278120075757576,0.38243329951506794,10.288847619047624,11.808888095238093,-3.7218799242424234,3.7218799242424234,3.74049898243909,Major River,Core,3.7218799242424234,1.5200404761904682,0.9,0.43333333333333335,HIGH
CD04_Richness,RANDOM_FOREST,Richness,CmP3,12.0,20,11.756738571428574,0.7126835942326359,9.958888095238104,12.516291269841277,-0.24326142857142682,0.46848039682539583,0.7360014489418774,Major River,Core,0.24326142857142682,2.5574031746031736,0.13333333333333333,0.9555555555555556,HIGH
CD04_Richness,RANDOM_FOREST,Richness,CmP4,10.0,20,10.600602481962481,0.4762283508868599,9.916735714285716,11.659041269841271,0.600602481962481,0.6163160533910526,0.7590633118643593,Major River,Core,0.600602481962481,1.7423055555555553,0.18888888888888888,0.6666666666666666,LOW
CD04_Richness,RANDOM_FOREST,Richness,CmP5,7.0,20,11.395272272727272,0.2559815605839373,10.91000793650794,11.997072222222227,4.395272272727273,4.395272272727273,4.4023480760607985,Major River,Core,4.395272272727273,1.0870642857142876,0.9444444444444444,0.12222222222222222,HIGH
CD04_Richness,RANDOM_FOREST,Richness,CmP6,13.0,20,10.328073279220778,0.6618859230305074,9.531122222222223,11.442499999999988,-2.671926720779221,2.671926720779221,2.748705282049105,Major River,Core,2.671926720779221,1.9113777777777656,0.7888888888888889,0.8888888888888888,MODERATE
CD04_Richness,RANDOM_FOREST,Richness,CmP7,16.0,20,11.12529310966811,0.3552912410875863,10.526708730158731,12.006299206349196,-4.874706890331891,4.874706890331891,4.886991665569227,Major River,Core,4.874706890331891,1.4795904761904648,0.9777777777777777,0.36666666666666664,HIGH
CD04_Richness,RANDOM_FOREST,Richness,CmP8,11.0,20,11.804493697691198,0.47296107797913445,10.775261904761907,12.41203095238095,0.8044936976911986,0.8269675072150079,0.9272096213067912,Major River,Core,0.8044936976911986,1.636769047619044,0.25555555555555554,0.6444444444444445,LOW
CD04_Richness,RANDOM_FOREST,Richness,CmP9,13.0,20,11.054285284992785,0.29299086280802095,10.641740476190476,11.720749999999995,-1.9457147150072145,1.9457147150072145,1.9665597411724225,Major River,Core,1.9457147150072145,1.0790095238095194,0.5777777777777777,0.18888888888888888,LOW
CD04_Richness,RANDOM_FOREST,Richness,CsP1,11.0,20,10.341716269841271,0.5661068038132205,9.58750476190476,11.765723809523815,-0.6582837301587291,0.7674869841269832,0.8589473424192718,Stream,Core,0.6582837301587291,2.178219047619054,0.2222222222222222,0.8,MODERATE
CD04_Richness,RANDOM_FOREST,Richness,CsP10,10.0,20,11.753138488455988,0.5646500855724261,10.713891269841273,12.986830158730152,1.7531384884559884,1.7531384884559884,1.837493617100709,Stream,Core,1.7531384884559884,2.272938888888879,0.5111111111111111,0.7888888888888889,MODERATE
CD04_Richness,RANDOM_FOREST,Richness,CsP2,10.0,20,11.749475169552671,0.6629934978364719,10.985845238095239,13.010372222222223,1.7494751695526722,1.7494751695526722,1.8650055571354525,Stream,Core,1.7494751695526722,2.024526984126984,0.5,0.9,HIGH
CD04_Richness,RANDOM_FOREST,Richness,CsP3,12.0,20,11.125933820346322,0.2384250564169439,10.561147619047622,11.527346031746031,-0.8740661796536792,0.8740661796536792,0.9044312403745403,Stream,Core,0.8740661796536792,0.9661984126984091,0.2777777777777778,0.07777777777777778,LOW
CD04_Richness,RANDOM_FOREST,Richness,CsP4,13.0,20,12.291769220779221,0.4291301202055648,11.378854761904762,13.275992063492067,-0.7082307792207783,0.735829985569985,0.8225180020521932,Stream,Core,0.7082307792207783,1.8971373015873052,0.2111111111111111,0.5333333333333333,LOW
CD04_Richness,RANDOM_FOREST,Richness,CsP5,5.0,20,6.529333899711399,0.562787661051397,5.814081746031752,7.693795238095238,1.5293338997113985,1.5293338997113985,1.6247324797229208,Stream,Core,1.5293338997113985,1.8797134920634866,0.45555555555555555,0.7777777777777778,MODERATE
CD04_Richness,RANDOM_FOREST,Richness,CsP6,15.0,20,11.299526587301589,0.24724643607985267,10.725034920634918,11.74650158730159,-3.7004734126984125,3.7004734126984125,3.7083119796255426,Stream,Core,3.7004734126984125,1.0214666666666723,0.8888888888888888,0.1111111111111111,MODERATE
CD04_Richness,RANDOM_FOREST,Richness,CsP7,9.0,20,12.361510995670994,0.47509310683849654,11.557057936507933,13.263419841269846,3.3615109956709945,3.3615109956709945,3.39325565809212,Stream,Core,3.3615109956709945,1.7063619047619127,0.8555555555555555,0.6555555555555556,MODERATE
CD04_Richness,RANDOM_FOREST,Richness,CsP8,7.0,20,9.379725851370852,0.22420825536651587,8.939452092352097,9.77503412698413,2.3797258513708517,2.3797258513708517,2.3897386891391488,Stream,Core,2.3797258513708517,0.8355820346320328,0.7111111111111111,0.06666666666666667,LOW
CD04_Richness,RANDOM_FOREST,Richness,CsP9,6.0,20,9.056795277777777,0.6906615221772107,7.498219047619049,10.754554761904767,3.056795277777778,3.056795277777778,3.1300415399080337,Stream,Core,3.056795277777778,3.2563357142857186,0.8333333333333334,0.9222222222222223,HIGH
CD04_Richness,RANDOM_FOREST,Richness,CuP1,8.0,20,10.152437142857142,0.5000276844748207,9.272540476190482,11.292921428571425,2.1524371428571416,2.1524371428571416,2.2069236404846913,Upland,Core,2.1524371428571416,2.0203809523809433,0.6444444444444445,0.7222222222222222,LOW
CD04_Richness,RANDOM_FOREST,Richness,CuP10,13.0,20,11.56946025974026,0.327984540953753,10.861554761904769,12.292773015873024,-1.430539740259739,1.430539740259739,1.4658236983388602,Upland,Core,1.430539740259739,1.4312182539682556,0.4,0.32222222222222224,LOW
CD04_Richness,RANDOM_FOREST,Richness,CuP2,10.0,20,11.442396753246753,0.3737497784406239,10.867876190476187,12.231329365079363,1.4423967532467534,1.4423967532467534,1.4876870792666617,Upland,Core,1.4423967532467534,1.3634531746031762,0.4111111111111111,0.4,LOW
CD04_Richness,RANDOM_FOREST,Richness,CuP3,7.0,20,10.915366807359307,0.3790220448234908,10.25175714285714,11.461950000000003,3.915366807359306,3.915366807359306,3.932756293124464,Upland,Core,3.915366807359306,1.2101928571428626,0.9222222222222223,0.4222222222222222,HIGH
CD04_Richness,RANDOM_FOREST,Richness,CuP4,10.0,20,12.74146312049062,0.40373051293032636,11.6901119047619,13.194268253968254,2.7414631204906197,2.7414631204906197,2.7695610575915457,Upland,Core,2.7414631204906197,1.5041563492063528,0.8,0.4888888888888889,MODERATE
CD04_Richness,RANDOM_FOREST,Richness,CuP5,13.0,20,10.834281507936506,0.6443416245111443,9.96007936507937,12.324509523809523,-2.1657184920634927,2.1657184920634927,2.254939890438223,Upland,Core,2.1657184920634927,2.364430158730153,0.6555555555555556,0.8666666666666667,MODERATE
CD04_Richness,RANDOM_FOREST,Richness,CuP6,12.0,20,9.884691507936505,0.5325053365418888,9.298138888888882,11.245656349206344,-2.115308492063495,2.115308492063495,2.1780527664336438,Upland,Core,2.115308492063495,1.9475174603174619,0.6333333333333333,0.7555555555555555,MODERATE
CD04_Richness,RANDOM_FOREST,Richness,CuP7,10.0,20,11.388680501443002,0.385245815536682,10.656100793650793,11.950695238095246,1.388680501443003,1.388680501443003,1.4385503663609027,Upland,Core,1.388680501443003,1.2945944444444528,0.37777777777777777,0.4444444444444444,LOW
CD04_Richness,RANDOM_FOREST,Richness,CuP8,11.0,20,10.645495818903319,0.5070335839033944,9.80276349206349,11.746136507936507,-0.3545041810966804,0.5212252128427126,0.608195788262836,Upland,Core,0.3545041810966804,1.9433730158730178,0.16666666666666666,0.7333333333333333,LOW
CD04_Richness,RANDOM_FOREST,Richness,CuP9,14.0,20,11.398268932178931,0.3408210732728189,10.881573015873007,11.970728571428577,-2.6017310678210688,2.6017310678210688,2.622852569827907,Upland,Core,2.6017310678210688,1.0891555555555694,0.7666666666666667,0.34444444444444444,MODERATE
CD04_Richness,RANDOM_FOREST,Richness,TmP1,6.0,20,9.366415082972583,0.3164502129168263,8.628576190476199,9.73542936507936,3.3664150829725825,3.3664150829725825,3.3805153765746496,Major River,Transition,3.3664150829725825,1.1068531746031613,0.8666666666666667,0.3,MODERATE
CD04_Richness,RANDOM_FOREST,Richness,TmP10,10.0,20,11.826358694083694,0.6591373372788958,9.94627301587302,13.220030158730168,1.8263586940836951,1.8317313924963934,1.9360591435646943,Major River,Transition,1.8263586940836951,3.273757142857148,0.5444444444444444,0.8777777777777778,MODERATE
CD04_Richness,RANDOM_FOREST,Richness,TmP2,7.0,20,6.6696978679653665,0.4669844070293164,5.8197984126984075,7.765216666666666,-0.33030213203463277,0.4489694336219344,0.5623790652351136,Major River,Transition,0.33030213203463277,1.945418253968259,0.1111111111111111,0.6111111111111112,LOW
CD04_Richness,RANDOM_FOREST,Richness,TmP3,10.0,20,8.690259465256966,0.3050912159873586,8.134990476190474,9.31394920634921,-1.3097405347430342,1.3097405347430342,1.3430736710687106,Major River,Transition,1.3097405347430342,1.1789587301587368,0.34444444444444444,0.26666666666666666,LOW
CD04_Richness,RANDOM_FOREST,Richness,TmP4,5.0,20,7.4859568253968245,0.33765655264693295,6.732649206349204,8.124685714285715,2.485956825396824,2.485956825396824,2.5076468427402605,Major River,Transition,2.485956825396824,1.3920365079365107,0.7222222222222222,0.3333333333333333,LOW
CD04_Richness,RANDOM_FOREST,Richness,TmP5,4.0,20,4.874207817460317,0.1641914213589695,4.533442063492062,5.180245238095237,0.8742078174603172,0.8742078174603172,0.8887351629221251,Major River,Transition,0.8742078174603172,0.6468031746031748,0.28888888888888886,0.022222222222222223,LOW
CD04_Richness,RANDOM_FOREST,Richness,TmP6,14.0,20,10.236156904761906,0.6304027819322737,8.986473809523812,11.144973809523819,-3.7638430952380943,3.7638430952380943,3.8136664942894565,Major River,Transition,3.7638430952380943,2.158500000000007,0.9111111111111111,0.8555555555555555,HIGH
CD04_Richness,RANDOM_FOREST,Richness,TmP7,9.0,20,7.6510419011544,0.2757665532762685,7.2474547619047645,8.2187215007215,-1.3489580988455991,1.3489580988455991,1.3754754758815995,Major River,Transition,1.3489580988455991,0.9712667388167358,0.35555555555555557,0.14444444444444443,LOW
CD04_Richness,RANDOM_FOREST,Richness,TmP8,7.0,20,7.3844121031746015,0.30314863798693903,6.622188095238091,7.836909523809522,0.3844121031746016,0.43717400793650707,0.48484719958435346,Major River,Transition,0.3844121031746016,1.2147214285714316,0.08888888888888889,0.25555555555555554,LOW
CD04_Richness,RANDOM_FOREST,Richness,TmP9,9.0,20,11.572098805916307,0.4074039118392544,10.955290476190484,12.5231865079365,2.5720988059163057,2.5720988059163057,2.6025701368856358,Major River,Transition,2.5720988059163057,1.5678960317460167,0.7555555555555555,0.5,MODERATE
CD04_Richness,RANDOM_FOREST,Richness,TsP1,7.0,20,7.793426424963926,0.3006565505805569,7.234558874458869,8.232069841269842,0.7934264249639249,0.7934264249639249,0.8458132980555956,Stream,Transition,0.7934264249639249,0.9975109668109736,0.24444444444444444,0.23333333333333334,LOW
CD04_Richness,RANDOM_FOREST,Richness,TsP10,8.0,20,7.846982950937951,0.2937413892232725,7.313379365079362,8.400744444444443,-0.1530170490620494,0.2489566810966823,0.3246290511635316,Stream,Transition,0.1530170490620494,1.0873650793650818,0.022222222222222223,0.2,LOW
CD04_Richness,RANDOM_FOREST,Richness,TsP2,7.0,20,8.125855725108226,0.4785473806902586,6.968442857142852,8.791607142857147,1.1258557251082248,1.1290114393939397,1.2186502080360049,Stream,Transition,1.1258557251082248,1.8231642857142951,0.32222222222222224,0.6888888888888889,LOW
CD04_Richness,RANDOM_FOREST,Richness,TsP3,7.0,20,8.389381875901876,0.7208963566234471,7.0374301587301575,10.716521428571433,1.3893818759018757,1.3893818759018757,1.556948610657374,Stream,Transition,1.3893818759018757,3.679091269841275,0.3888888888888889,0.9666666666666667,HIGH
CD04_Richness,RANDOM_FOREST,Richness,TsP4,4.0,20,5.620378272005771,0.1905923856800287,5.228296825396823,5.926749999999998,1.6203782720057718,1.6203782720057718,1.6309920076424824,Stream,Transition,1.6203782720057718,0.6984531746031752,0.4666666666666667,0.03333333333333333,LOW
CD04_Richness,RANDOM_FOREST,Richness,TsP5,3.0,20,4.7947189249639255,0.23973641001001214,4.553246825396825,5.345988888888891,1.794718924963926,1.794718924963926,1.8098662626265878,Stream,Transition,1.794718924963926,0.7927420634920654,0.5222222222222223,0.08888888888888889,LOW
CD04_Richness,RANDOM_FOREST,Richness,TsP6,10.0,20,8.061607388167387,0.6970040301611284,6.805575396825395,8.923815873015876,-1.9383926118326122,1.9383926118326122,2.053993623350635,Stream,Transition,1.9383926118326122,2.118240476190481,0.5666666666666667,0.9333333333333333,HIGH
CD04_Richness,RANDOM_FOREST,Richness,TsP7,7.0,20,6.898992601010102,0.27767399779609697,6.274571212121207,7.361661255411255,-0.10100739898989879,0.22527296897546903,0.288877484844645,Stream,Transition,0.10100739898989879,1.0870900432900479,0.011111111111111112,0.15555555555555556,LOW
CD04_Richness,RANDOM_FOREST,Richness,TsP8,4.0,20,4.987900912698414,0.20821958987917488,4.6986039682539715,5.410430158730164,0.9879009126984146,0.9879009126984146,1.0085315270428288,Stream,Transition,0.9879009126984146,0.7118261904761924,0.3,0.05555555555555555,LOW
CD04_Richness,RANDOM_FOREST,Richness,TsP9,7.0,20,6.616915375180374,0.3144687416446398,5.92884603174603,7.194423160173158,-0.3830846248196258,0.40889416305916415,0.4906117505433175,Stream,Transition,0.3830846248196258,1.265577128427128,0.06666666666666667,0.28888888888888886,LOW
CD04_Richness,RANDOM_FOREST,Richness,TuP1,5.0,20,5.5091934776334766,0.25932748166620084,5.033903174603173,5.869184920634923,0.5091934776334771,0.5091934776334771,0.5684770912485755,Upland,Transition,0.5091934776334771,0.8352817460317494,0.15555555555555556,0.13333333333333333,LOW
CD04_Richness,RANDOM_FOREST,Richness,TuP10,6.0,20,4.5209001046176045,0.2015929976044505,4.1440166666666665,4.873000000000002,-1.4790998953823953,1.4790998953823953,1.4920939147282934,Upland,Transition,1.4790998953823953,0.7289833333333355,0.4222222222222222,0.044444444444444446,LOW
CD04_Richness,RANDOM_FOREST,Richness,TuP2,5.0,20,8.500326670274172,0.4213418296979151,7.26518571428571,9.338788961038963,3.500326670274172,3.500326670274172,3.524335297501246,Upland,Transition,3.500326670274172,2.073603246753253,0.8777777777777778,0.5222222222222223,MODERATE
CD04_Richness,RANDOM_FOREST,Richness,TuP3,2.0,20,6.115202139249639,0.6229223225833341,5.1467339826839815,7.862850865800867,4.115202139249639,4.115202139249639,4.159749903042104,Upland,Transition,4.115202139249639,2.716116883116886,0.9333333333333333,0.8444444444444444,HIGH
CD04_Richness,RANDOM_FOREST,Richness,TuP4,6.0,20,5.521768362193361,0.2779276632068764,4.8731103174603145,5.969949999999997,-0.47823163780663813,0.47823163780663813,0.5496245046175368,Upland,Transition,0.47823163780663813,1.0968396825396827,0.14444444444444443,0.16666666666666666,LOW
CD04_Richness,RANDOM_FOREST,Richness,TuP5,3.0,20,5.896900202020201,0.7044789852888151,5.05873492063492,7.851531818181819,2.8969002020202015,2.8969002020202015,2.977164236172161,Upland,Transition,2.8969002020202015,2.792796897546899,0.8222222222222222,0.9444444444444444,HIGH
CD04_Richness,RANDOM_FOREST,Richness,TuP6,8.0,20,7.43776339105339,0.4920574920502098,6.662180952380945,8.352853174603167,-0.56223660894661,0.6157405772005772,0.7390024026675343,Upland,Transition,0.56223660894661,1.6906722222222221,0.17777777777777778,0.7111111111111111,LOW
CD04_Richness,RANDOM_FOREST,Richness,TuP7,5.0,20,4.893442647907648,0.31886346583635294,4.1508174603174615,5.2982426406926395,-0.10655735209235191,0.2596316161616163,0.3285493625588794,Upland,Transition,0.10655735209235191,1.147425180375178,0.03333333333333333,0.3111111111111111,LOW
CD04_Richness,RANDOM_FOREST,Richness,TuP8,6.0,20,5.221407770562771,0.1469082189513514,4.950533333333333,5.5117666666666665,-0.7785922294372292,0.7785922294372292,0.7916494068056391,Upland,Transition,0.7785922294372292,0.5612333333333339,0.23333333333333334,0.011111111111111112,LOW
CD04_Richness,RANDOM_FOREST,Richness,TuP9,4.0,20,5.18445823953824,0.29231589949178605,4.404401298701295,5.569100793650794,1.1844582395382404,1.1844582395382404,1.2182436033285524,Upland,Transition,1.1844582395382404,1.1646994949494989,0.3333333333333333,0.17777777777777778,LOW
