Plot_ID,Zone,Habitat,Richness,Pielou,CWM_WD,CWM_SLA,CWM_Log10_Seed_Mass,CWM_Max_Height_m,FDis,FEve,Estimated_Mean_DBH,Estimated_Mean_Height,Structural_Coverage_Percent,Use_Primary_Association,Use_Factorial_Structural,Typology_ID,Typology_Name,Short_Name,Confidence_Class,Typology_Status,PC1,PC2
CmP1,Core,Major River,12,0.923,0.6200000000000001,15.376254737931967,2.3716478540927537,25.19846108,1.549648755865329,0.7697257542664879,27.361904761904764,26.82952380952381,77.77777777777777,False,True,T2,Buffer-Enriched Structurally Developed Diverse State,Structurally Developed Diverse,LOW_CONFIDENCE,AUTHORITATIVE_DISCOVERY_SET_CLASSIFICATION,-0.0497433554596421,0.585749063453242
CmP2,Core,Major River,15,0.867,0.6736363636363637,13.297145443271011,2.5964430827197376,28.267052380909085,1.3721195030879645,0.6958913847091963,26.48888888888889,26.692222222222224,81.81818181818181,False,True,T1,Core–Upland Dense-Wood Conservative State,Dense-Wood Conservative,HIGH_CONFIDENCE,AUTHORITATIVE_DISCOVERY_SET_CLASSIFICATION,-0.9549956016154032,2.069830732348934
CmP3,Core,Major River,12,0.94,0.6368181818181818,13.503277749936744,2.627693105159757,28.226097846818185,1.6260822291125805,0.7872191061513764,27.5825,27.922000000000004,90.9090909090909,True,True,T2,Buffer-Enriched Structurally Developed Diverse State,Structurally Developed Diverse,LOW_CONFIDENCE,AUTHORITATIVE_DISCOVERY_SET_CLASSIFICATION,0.30156350392038,0.9596316102724092
CmP4,Core,Major River,10,0.944,0.6514285714285714,11.214256528610726,2.245973054844591,28.12766154571429,1.4629370108766342,0.7221127461888238,23.11842105263158,24.054736842105264,90.47619047619048,True,True,T1,Core–Upland Dense-Wood Conservative State,Dense-Wood Conservative,HIGH_CONFIDENCE,AUTHORITATIVE_DISCOVERY_SET_CLASSIFICATION,-0.6717599001292748,1.4417839239275894
CmP5,Core,Major River,7,0.871,0.7284615384615385,10.338381713408015,2.34015951886746,25.393196780384617,1.2468049033003985,0.8150730876406163,22.08863636363636,22.224545454545453,84.61538461538461,False,True,T1,Core–Upland Dense-Wood Conservative State,Dense-Wood Conservative,HIGH_CONFIDENCE,AUTHORITATIVE_DISCOVERY_SET_CLASSIFICATION,-1.6563519584079929,1.8520989271128336
CmP6,Core,Major River,13,0.865,0.6904545454545455,10.900978752891293,2.512535536275062,23.48750858909091,1.4337041640080512,0.7747690508937245,21.857142857142858,21.92142857142857,95.45454545454544,True,True,T1,Core–Upland Dense-Wood Conservative State,Dense-Wood Conservative,HIGH_CONFIDENCE,AUTHORITATIVE_DISCOVERY_SET_CLASSIFICATION,-1.535979822480852,2.301657689418847
CmP7,Core,Major River,16,0.938,0.6136666666666666,13.6672969376112,2.4021761023744457,25.86664642766667,1.610010364672139,0.804205026000928,24.66481481481481,25.582222222222224,90.0,True,True,T2,Buffer-Enriched Structurally Developed Diverse State,Structurally Developed Diverse,LOW_CONFIDENCE,AUTHORITATIVE_DISCOVERY_SET_CLASSIFICATION,0.2506010639540479,1.4030535813357006
CmP8,Core,Major River,11,0.893,0.6404166666666667,12.69955534296875,2.3007868231407635,23.669227017500003,1.5797608250239128,0.7495100519613326,26.307894736842105,27.13684210526316,79.16666666666667,False,True,T1,Core–Upland Dense-Wood Conservative State,Dense-Wood Conservative,MODERATE_CONFIDENCE,AUTHORITATIVE_DISCOVERY_SET_CLASSIFICATION,-0.43232353863374,1.2571536309387676
CmP9,Core,Major River,13,0.873,0.6306666666666667,12.80698807907898,2.3727907046165715,22.903203852,1.624104638859433,0.7193996588076528,28.11458333333333,28.80625,80.0,False,True,T1,Core–Upland Dense-Wood Conservative State,Dense-Wood Conservative,MODERATE_CONFIDENCE,AUTHORITATIVE_DISCOVERY_SET_CLASSIFICATION,-0.346069261214407,1.519056679632863
CmP10,Core,Major River,13,0.881,0.6696875,12.250228786484378,2.3163835951790874,22.1469700221875,1.3742064055878451,0.7430578264842743,24.54,26.2408,78.125,False,True,T1,Core–Upland Dense-Wood Conservative State,Dense-Wood Conservative,HIGH_CONFIDENCE,AUTHORITATIVE_DISCOVERY_SET_CLASSIFICATION,-0.9352364220409008,1.9661448232114689
CsP1,Core,Stream,11,0.97,0.53,12.355166573579424,1.9806053248699595,22.1852393715,1.8290436910347256,0.8475254609168981,39.57666666666667,38.87555555555556,75.0,False,True,T2,Buffer-Enriched Structurally Developed Diverse State,Structurally Developed Diverse,MODERATE_CONFIDENCE,AUTHORITATIVE_DISCOVERY_SET_CLASSIFICATION,3.0914986150723878,0.3479537315305882
CsP2,Core,Stream,10,0.934,0.6011764705882352,15.43824191382353,2.2527148354894457,23.327524133176468,1.585489648486885,0.780933513028226,35.815384615384616,35.47692307692308,76.47058823529412,False,True,T2,Buffer-Enriched Structurally Developed Diverse State,Structurally Developed Diverse,MODERATE_CONFIDENCE,AUTHORITATIVE_DISCOVERY_SET_CLASSIFICATION,1.4252786472385004,0.1761710718227408
CsP3,Core,Stream,12,0.894,0.6058333333333333,11.750274902055624,2.1637858019327685,24.020208484666668,1.748173020862429,0.7043608972078369,40.43529411764706,38.42352941176471,70.83333333333333,False,False,,,,,,1.770899335581412,1.4231950936296724
CsP4,Core,Stream,13,0.946,0.5895238095238097,14.71670303787216,2.1573678344657297,23.29965977990476,1.703158438505631,0.7724094041281778,31.8375,32.284375,76.19047619047619,False,True,T2,Buffer-Enriched Structurally Developed Diverse State,Structurally Developed Diverse,HIGH_CONFIDENCE,AUTHORITATIVE_DISCOVERY_SET_CLASSIFICATION,1.29979231029512,0.6301465490910356
CsP5,Core,Stream,5,0.97,0.4599999999999999,17.267074181434733,1.4018732989339722,25.36027798,1.9907648308977288,0.9694333572848978,36.766666666666666,35.9,50.0,False,False,,,,,,3.4993979457726287,-2.133102721679398
CsP6,Core,Stream,15,0.961,0.5632,14.60966942201894,2.284975548956336,23.32874908464,1.748561221878778,0.8545477254403343,40.33809523809524,38.96666666666666,84.0,False,True,T2,Buffer-Enriched Structurally Developed Diverse State,Structurally Developed Diverse,MODERATE_CONFIDENCE,AUTHORITATIVE_DISCOVERY_SET_CLASSIFICATION,3.08477456851346,0.6450875274373181
CsP7,Core,Stream,9,0.923,0.6247368421052633,14.167188328053996,2.3143805726454763,24.270524517263155,1.4797042507397251,0.7562929405884304,36.73333333333333,35.78666666666666,78.94736842105263,False,True,T2,Buffer-Enriched Structurally Developed Diverse State,Structurally Developed Diverse,MODERATE_CONFIDENCE,AUTHORITATIVE_DISCOVERY_SET_CLASSIFICATION,1.1252614798627285,0.5393571986764935
CsP8,Core,Stream,7,0.906,0.618235294117647,10.055012889035217,1.9721736957514315,20.57668861141176,1.6478177671947116,0.6844649729769638,33.95,32.791666666666664,70.58823529411765,False,False,,,,,,0.3892904173098985,1.1842610631861596
CsP9,Core,Stream,6,0.951,0.4708333333333334,14.4402455437028,1.6823481823161013,32.76639843916667,1.6651187370902774,0.8373609114562419,46.635,43.75333333333333,100.0,True,True,T2,Buffer-Enriched Structurally Developed Diverse State,Structurally Developed Diverse,LOW_CONFIDENCE,AUTHORITATIVE_DISCOVERY_SET_CLASSIFICATION,3.9111985115902144,-1.014537703262063
CsP10,Core,Stream,10,0.962,0.615,15.144493302263127,2.525849451418161,25.574250183,1.580018149829522,0.7351237179262486,35.85,36.484375,88.88888888888889,False,True,T2,Buffer-Enriched Structurally Developed Diverse State,Structurally Developed Diverse,MODERATE_CONFIDENCE,AUTHORITATIVE_DISCOVERY_SET_CLASSIFICATION,1.4126786100927275,0.2522326410394592
CuP1,Core,Upland,8,0.791,0.69,9.959098939206354,2.059142228254354,27.532171741684213,1.5257145471226057,0.7048680075942797,22.14444444444445,22.55,94.73684210526316,True,True,T1,Core–Upland Dense-Wood Conservative State,Dense-Wood Conservative,HIGH_CONFIDENCE,AUTHORITATIVE_DISCOVERY_SET_CLASSIFICATION,-2.075531233848931,2.075661843856302
CuP2,Core,Upland,10,0.838,0.6658260739031261,12.283038708262067,2.0646057532462634,23.903072420600004,1.6637583632724262,0.740965867482842,22.78,23.8155,100.0,True,True,T1,Core–Upland Dense-Wood Conservative State,Dense-Wood Conservative,HIGH_CONFIDENCE,AUTHORITATIVE_DISCOVERY_SET_CLASSIFICATION,-1.2339344723605323,1.5048036222464714
CuP3,Core,Upland,7,0.844,0.6322222222222221,11.601087468630718,2.0595425295658525,29.604312904,1.7126218268341509,0.7453182491652542,23.183333333333334,24.3,100.0,True,True,T1,Core–Upland Dense-Wood Conservative State,Dense-Wood Conservative,HIGH_CONFIDENCE,AUTHORITATIVE_DISCOVERY_SET_CLASSIFICATION,-1.0204106176828365,0.9557293199152898
CuP4,Core,Upland,10,0.831,0.6173076923076923,13.206751433861257,2.118398201717434,27.793747959461538,1.804689290327236,0.7268947005519822,21.307692307692307,22.46153846153846,100.0,True,True,T1,Core–Upland Dense-Wood Conservative State,Dense-Wood Conservative,HIGH_CONFIDENCE,AUTHORITATIVE_DISCOVERY_SET_CLASSIFICATION,-1.3252477942999126,0.941283583969933
CuP5,Core,Upland,13,0.873,0.6655172413793102,12.467382827338394,2.190893398673336,30.581091507793104,1.652878151064698,0.7638610951771807,22.26206896551724,23.158620689655173,100.0,True,True,T1,Core–Upland Dense-Wood Conservative State,Dense-Wood Conservative,HIGH_CONFIDENCE,AUTHORITATIVE_DISCOVERY_SET_CLASSIFICATION,-0.6395113419381221,1.7630501270065146
CuP6,Core,Upland,12,0.82,0.6885714285714285,9.77391059520689,2.149636157607469,24.781626246666665,1.595432956136453,0.8151852102725584,22.145,23.3505,95.23809523809524,True,True,T1,Core–Upland Dense-Wood Conservative State,Dense-Wood Conservative,HIGH_CONFIDENCE,AUTHORITATIVE_DISCOVERY_SET_CLASSIFICATION,-1.1003251875159483,2.480403860436847
CuP7,Core,Upland,10,0.853,0.6502608591225009,12.277401086536704,2.209144160424087,27.1642038524,1.785621373419769,0.796234603853356,21.196,22.148000000000003,100.0,True,True,T1,Core–Upland Dense-Wood Conservative State,Dense-Wood Conservative,HIGH_CONFIDENCE,AUTHORITATIVE_DISCOVERY_SET_CLASSIFICATION,-0.981916363972666,1.21971941624391
CuP8,Core,Upland,11,0.82,0.6104166666666666,10.004522421318043,2.376390841879881,24.56674400458333,1.7460953380476807,0.7978924330681779,23.666666666666668,24.05458333333333,100.0,True,True,T1,Core–Upland Dense-Wood Conservative State,Dense-Wood Conservative,HIGH_CONFIDENCE,AUTHORITATIVE_DISCOVERY_SET_CLASSIFICATION,-1.078228292182083,1.6851981367718998
CuP9,Core,Upland,14,0.876,0.6696,12.947918987766622,2.01343068912421,23.348121628720005,1.669960070235498,0.7765074705500125,20.791666666666668,21.738333333333333,96.0,True,True,T1,Core–Upland Dense-Wood Conservative State,Dense-Wood Conservative,HIGH_CONFIDENCE,AUTHORITATIVE_DISCOVERY_SET_CLASSIFICATION,-0.839334155140217,1.8391138613517293
CuP10,Core,Upland,13,0.889,0.6372400642635879,13.084687646165843,2.1624199916747195,26.42574409191304,1.7907681573185472,0.8247789215583404,22.78695652173913,23.544347826086955,100.0,True,True,T1,Core–Upland Dense-Wood Conservative State,Dense-Wood Conservative,HIGH_CONFIDENCE,AUTHORITATIVE_DISCOVERY_SET_CLASSIFICATION,-0.1346967945199352,1.2985045027446986
BmP1,Buffer,Major River,10,0.893,0.54,10.493065249566962,2.3493239389796328,21.62654869238096,1.6922096019465238,0.7247879056998263,27.904761904761905,26.45714285714286,100.0,True,True,T1,Core–Upland Dense-Wood Conservative State,Dense-Wood Conservative,MODERATE_CONFIDENCE,AUTHORITATIVE_DISCOVERY_SET_CLASSIFICATION,-0.5540531110816487,0.8972225524013316
BmP2,Buffer,Major River,10,0.934,0.6011764705882352,15.43824191382353,2.252714835489446,23.327524133176468,1.585489648486885,0.780933513028226,28.338461538461537,27.85384615384616,76.47058823529412,False,True,T2,Buffer-Enriched Structurally Developed Diverse State,Structurally Developed Diverse,MODERATE_CONFIDENCE,AUTHORITATIVE_DISCOVERY_SET_CLASSIFICATION,0.186516057304036,0.1345087794239335
BmP3,Buffer,Major River,11,0.891,0.6069565217391304,11.672870203691277,2.16831109864728,22.679145064434785,1.6852035581350082,0.7104401580565961,32.233333333333334,29.88888888888889,78.26086956521739,False,True,T2,Buffer-Enriched Structurally Developed Diverse State,Structurally Developed Diverse,LOW_CONFIDENCE,AUTHORITATIVE_DISCOVERY_SET_CLASSIFICATION,0.2126531356114937,1.2838081482248438
BmP4,Buffer,Major River,11,0.948,0.5711111111111111,14.105906555573078,2.197130580555484,24.99491993722222,1.7597126021974243,0.81335350504935,29.85,29.8625,88.88888888888889,False,True,T2,Buffer-Enriched Structurally Developed Diverse State,Structurally Developed Diverse,HIGH_CONFIDENCE,AUTHORITATIVE_DISCOVERY_SET_CLASSIFICATION,1.1053438432395744,0.2577475943159553
BmP5,Buffer,Major River,5,0.97,0.4599999999999999,17.267074181434733,1.4018732989339722,25.36027798,1.9907648308977288,0.9694333572848978,31.64,29.160000000000004,83.33333333333333,False,True,T3,Transition–Stream Functionally Diverse Light-Seeded State,Functionally Diverse Light-Seeded,HIGH_CONFIDENCE,AUTHORITATIVE_DISCOVERY_SET_CLASSIFICATION,2.499678112451864,-2.178698794814271
BmP6,Buffer,Major River,14,0.922,0.555,13.194251344572068,2.006781958849116,23.497361270214288,1.7885764164145614,0.7766598784129466,29.863636363636363,28.33636363636364,78.57142857142857,False,True,T2,Buffer-Enriched Structurally Developed Diverse State,Structurally Developed Diverse,MODERATE_CONFIDENCE,AUTHORITATIVE_DISCOVERY_SET_CLASSIFICATION,0.8923983619162492,0.9063185319964708
BmP7,Buffer,Major River,10,0.958,0.5614285714285715,15.261318085573274,1.941816130666414,20.196206499142857,1.8275097408946472,0.7587589704179671,31.83636363636364,30.281818181818185,78.57142857142857,False,True,T2,Buffer-Enriched Structurally Developed Diverse State,Structurally Developed Diverse,HIGH_CONFIDENCE,AUTHORITATIVE_DISCOVERY_SET_CLASSIFICATION,1.1330819216584236,-0.1608308743360675
BmP8,Buffer,Major River,8,0.924,0.636470588235294,12.835224762974375,2.3587842585916303,21.100448958235297,1.5753154471664896,0.7141159994520714,27.135714285714283,26.821428571428573,82.3529411764706,False,True,T1,Core–Upland Dense-Wood Conservative State,Dense-Wood Conservative,MODERATE_CONFIDENCE,AUTHORITATIVE_DISCOVERY_SET_CLASSIFICATION,-0.6573485469243225,0.6958316932414036
BmP9,Buffer,Major River,14,0.973,0.5781250000000001,14.35028809565496,2.238809270184188,25.544227017,1.6469926742285126,0.7665014055607058,30.43076923076924,28.66923076923077,81.25,False,True,T2,Buffer-Enriched Structurally Developed Diverse State,Structurally Developed Diverse,MODERATE_CONFIDENCE,AUTHORITATIVE_DISCOVERY_SET_CLASSIFICATION,1.0479632852277103,0.6955645579221986
BmP10,Buffer,Major River,10,0.906,0.5690000000000001,13.731046766786818,1.8540611008154648,18.8257742008,1.6260271514830502,0.6419207491967623,28.571428571428573,27.642857142857142,70.0,False,False,,,,,,-0.491422378644917,0.5635956566815776
BsP1,Buffer,Stream,7,0.768,0.5485185185185185,12.926785118750628,1.8531747457943168,21.269943194000003,1.4615722971983691,0.42640420655001,29.06296296296296,29.17407407407407,100.0,True,True,T1,Core–Upland Dense-Wood Conservative State,Dense-Wood Conservative,LOW_CONFIDENCE,AUTHORITATIVE_DISCOVERY_SET_CLASSIFICATION,-2.6515599875642586,0.8100859029728151
BsP2,Buffer,Stream,7,0.77,0.5675000000000001,11.880617518478736,1.496132097017028,19.9259936604,1.2376536979554675,0.6817208475770298,29.06,28.855,100.0,True,True,T1,Core–Upland Dense-Wood Conservative State,Dense-Wood Conservative,HIGH_CONFIDENCE,AUTHORITATIVE_DISCOVERY_SET_CLASSIFICATION,-1.552083262423251,1.0961469564785344
BsP3,Buffer,Stream,8,0.878,0.541111111111111,12.414858938674309,2.7474583171693,30.47159690055556,1.670383487840285,0.7693542619485259,28.427777777777777,29.77777777777778,100.0,True,True,T1,Core–Upland Dense-Wood Conservative State,Dense-Wood Conservative,LOW_CONFIDENCE,AUTHORITATIVE_DISCOVERY_SET_CLASSIFICATION,-0.2345454465224627,0.1461755213470999
BsP4,Buffer,Stream,13,0.845,0.5199033743906257,14.565950450277777,2.2388629136331826,22.52169870388889,1.3718923212641478,0.6903569542590597,34.56666666666667,34.044444444444444,100.0,True,True,T2,Buffer-Enriched Structurally Developed Diverse State,Structurally Developed Diverse,MODERATE_CONFIDENCE,AUTHORITATIVE_DISCOVERY_SET_CLASSIFICATION,0.0105244760270816,0.7002772172243189
BsP5,Buffer,Stream,12,0.961,0.47,16.55329870242334,1.5042409010164042,27.4457362834,1.8642543387857864,0.8960697993611846,33.21315789473684,30.489473684210523,95.0,True,True,T3,Transition–Stream Functionally Diverse Light-Seeded State,Functionally Diverse Light-Seeded,MODERATE_CONFIDENCE,AUTHORITATIVE_DISCOVERY_SET_CLASSIFICATION,2.618590013473903,-0.7966815975838061
BsP6,Buffer,Stream,8,0.849,0.531,11.906946770797154,1.7602390769296083,22.0661667889,1.3482727092943954,0.8804636071436512,26.945,27.385,100.0,True,True,T1,Core–Upland Dense-Wood Conservative State,Dense-Wood Conservative,HIGH_CONFIDENCE,AUTHORITATIVE_DISCOVERY_SET_CLASSIFICATION,-0.2455377673403937,0.508927905505464
BsP7,Buffer,Stream,11,0.944,0.5061111111111112,13.090560732007642,2.602816771398309,28.261280040000003,1.7537725052501962,0.76191860081743,32.023529411764706,32.15294117647059,94.44444444444444,True,True,T2,Buffer-Enriched Structurally Developed Diverse State,Structurally Developed Diverse,HIGH_CONFIDENCE,AUTHORITATIVE_DISCOVERY_SET_CLASSIFICATION,1.016088327344718,0.053073582125594
BsP8,Buffer,Stream,16,0.973,0.5526315789473684,15.741444597960523,1.9513772211414817,28.302088835684213,1.8390226503426368,0.8358519801121154,30.75555555555556,30.58333333333333,94.73684210526316,True,True,T2,Buffer-Enriched Structurally Developed Diverse State,Structurally Developed Diverse,MODERATE_CONFIDENCE,AUTHORITATIVE_DISCOVERY_SET_CLASSIFICATION,2.225250178678688,0.4507680533991511
BsP9,Buffer,Stream,13,0.899,0.5617391304347826,14.913932696776266,1.7094954545951884,23.10185522069565,1.5589992381964568,0.7587968252820148,30.00454545454545,29.768181818181816,95.65217391304348,True,True,T2,Buffer-Enriched Structurally Developed Diverse State,Structurally Developed Diverse,MODERATE_CONFIDENCE,AUTHORITATIVE_DISCOVERY_SET_CLASSIFICATION,0.6506416451894149,0.6880162021221445
BsP10,Buffer,Stream,14,0.969,0.4529166666666667,14.63175004415631,1.716171590034348,27.048230106166667,1.7638322969338716,0.8041230868903609,30.26875,29.90833333333333,100.0,True,True,T2,Buffer-Enriched Structurally Developed Diverse State,Structurally Developed Diverse,LOW_CONFIDENCE,AUTHORITATIVE_DISCOVERY_SET_CLASSIFICATION,1.8552961897900655,-0.1156739666625679
BuP1,Buffer,Upland,7,1.0,0.4742857142857143,16.299374171428575,1.857808459358576,25.62509144071428,1.7323527466091853,0.8847929762892732,26.208571428571428,31.071428571428573,100.0,True,True,T3,Transition–Stream Functionally Diverse Light-Seeded State,Functionally Diverse Light-Seeded,MODERATE_CONFIDENCE,AUTHORITATIVE_DISCOVERY_SET_CLASSIFICATION,1.689565333436805,-1.5043731285035205
BuP2,Buffer,Upland,10,0.945,0.6646666666666667,13.829592405120328,2.060182970210439,24.404066812666667,1.3121914361187996,0.8327168418268337,28.3625,29.191666666666663,80.0,False,True,T2,Buffer-Enriched Structurally Developed Diverse State,Structurally Developed Diverse,MODERATE_CONFIDENCE,AUTHORITATIVE_DISCOVERY_SET_CLASSIFICATION,0.5094625164859451,0.9924018548921456
BuP3,Buffer,Upland,9,0.843,0.6822727272727273,11.341397727922017,1.949926369933223,20.33367693,1.4108311948002903,0.8242128988695961,25.452631578947365,26.389473684210525,86.36363636363636,False,True,T1,Core–Upland Dense-Wood Conservative State,Dense-Wood Conservative,HIGH_CONFIDENCE,AUTHORITATIVE_DISCOVERY_SET_CLASSIFICATION,-0.7868002867083441,1.7351546435703904
BuP4,Buffer,Upland,11,0.838,0.6058823529411765,12.341068007622953,2.2662072373548163,25.218386820117647,1.6325721932941426,0.7250472158938284,26.33846153846154,29.25897435897436,76.47058823529412,False,True,T1,Core–Upland Dense-Wood Conservative State,Dense-Wood Conservative,HIGH_CONFIDENCE,AUTHORITATIVE_DISCOVERY_SET_CLASSIFICATION,-0.6180362687330436,1.2862478669860415
BuP5,Buffer,Upland,11,0.806,0.5626666666666666,14.605048418415596,2.1519612836038484,26.151768024,1.52170317522943,0.6203294212967464,20.78210526315789,22.910526315789472,63.333333333333336,False,False,,,,,,-2.356069260930868,0.7345598638837683
BuP6,Buffer,Upland,12,0.935,0.6005555555555556,14.32755163822413,2.038546861009265,20.69782830655556,1.667081330417253,0.7427885480053447,28.635714285714283,30.042857142857144,77.77777777777777,False,True,T2,Buffer-Enriched Structurally Developed Diverse State,Structurally Developed Diverse,MODERATE_CONFIDENCE,AUTHORITATIVE_DISCOVERY_SET_CLASSIFICATION,0.542679986353164,0.7296994538645232
BuP7,Buffer,Upland,13,0.977,0.5858823529411764,13.982359906494898,2.10380393891416,28.007963192941176,1.752807867226157,0.843365143118902,27.844117647058823,29.18235294117647,100.0,True,True,T2,Buffer-Enriched Structurally Developed Diverse State,Structurally Developed Diverse,HIGH_CONFIDENCE,AUTHORITATIVE_DISCOVERY_SET_CLASSIFICATION,1.5624551238372195,0.594932216503068
BuP8,Buffer,Upland,14,0.915,0.6592,14.480674650072196,2.150386762931283,24.4110034814,1.4082109927912507,0.7350509401487123,28.84526315789473,31.14210526315789,76.0,False,True,T2,Buffer-Enriched Structurally Developed Diverse State,Structurally Developed Diverse,MODERATE_CONFIDENCE,AUTHORITATIVE_DISCOVERY_SET_CLASSIFICATION,0.3520234696918257,1.527906262034936
BuP9,Buffer,Upland,13,0.969,0.5619999999999999,12.397619236786817,2.2107211354462164,28.3896057056,1.8201912166460104,0.8078469336338872,25.28944444444444,28.23333333333333,90.0,True,True,T2,Buffer-Enriched Structurally Developed Diverse State,Structurally Developed Diverse,MODERATE_CONFIDENCE,AUTHORITATIVE_DISCOVERY_SET_CLASSIFICATION,1.0958743517064893,0.7916048715460811
BuP10,Buffer,Upland,16,0.892,0.61375,13.785111285515796,2.184105248529403,24.102605075416665,1.5469708070808017,0.8110248032782377,26.973529411764705,27.83529411764706,70.83333333333333,False,False,,,,,,0.319633863392181,1.5786339944282508
TmP1,Transition,Major River,6,0.936,0.5588888888888889,19.12077266090363,2.9177814188008777,26.071337613333338,1.4718575945763408,0.8502705880277295,49.36666666666666,29.45555555555556,100.0,True,True,T2,Buffer-Enriched Structurally Developed Diverse State,Structurally Developed Diverse,MODERATE_CONFIDENCE,AUTHORITATIVE_DISCOVERY_SET_CLASSIFICATION,1.2487713591135283,-1.78400581475951
TmP2,Transition,Major River,7,0.921,0.4175,16.0992270452098,1.3798571871854517,22.68814516666667,2.1676288473661294,0.8049704513644579,40.825,24.925,100.0,True,True,T3,Transition–Stream Functionally Diverse Light-Seeded State,Functionally Diverse Light-Seeded,HIGH_CONFIDENCE,AUTHORITATIVE_DISCOVERY_SET_CLASSIFICATION,1.7935497448547777,-1.8008590058417684
TmP3,Transition,Major River,10,0.905,0.5196774193548387,20.08505417350689,1.994913044592313,21.631212842258066,1.701411063049406,0.6536586429406628,29.48709677419355,24.71935483870968,100.0,True,True,T4,Transition–Upland Acquisitive Low-Richness Heavy-Seeded State,Acquisitive Low-Richness Heavy-Seeded,LOW_CONFIDENCE,AUTHORITATIVE_DISCOVERY_SET_CLASSIFICATION,-0.61192989870809,-1.2426515626898833
TmP4,Transition,Major River,5,0.81,0.4611111111111111,13.847719242169044,2.485763280838047,41.24330894777778,1.0027869076632236,0.7253568025645437,23.17222222222222,24.05555555555556,100.0,True,True,T1,Core–Upland Dense-Wood Conservative State,Dense-Wood Conservative,LOW_CONFIDENCE,AUTHORITATIVE_DISCOVERY_SET_CLASSIFICATION,-2.282932445611009,-0.5733317268481449
TmP5,Transition,Major River,4,0.875,0.4525,21.52819481355348,3.104002577047117,24.62118995375,1.297295647135223,0.7333428999438704,21.2125,20.637500000000003,100.0,True,True,T4,Transition–Upland Acquisitive Low-Richness Heavy-Seeded State,Acquisitive Low-Richness Heavy-Seeded,HIGH_CONFIDENCE,AUTHORITATIVE_DISCOVERY_SET_CLASSIFICATION,-2.979091147385835,-2.9007423677126045
TmP6,Transition,Major River,14,0.956,0.5377777777777778,15.68767452787966,2.330184917643674,29.678493185055554,1.4951097983940702,0.7025248556315132,28.46944444444445,27.98888888888889,100.0,True,True,T2,Buffer-Enriched Structurally Developed Diverse State,Structurally Developed Diverse,MODERATE_CONFIDENCE,AUTHORITATIVE_DISCOVERY_SET_CLASSIFICATION,0.3242604957582076,0.3043925173835502
TmP7,Transition,Major River,9,0.985,0.5389999999999999,19.03031606201734,2.855053310580858,21.2696171651,1.7859883176606266,0.755327155532082,26.635,25.25,100.0,True,True,T4,Transition–Upland Acquisitive Low-Richness Heavy-Seeded State,Acquisitive Low-Richness Heavy-Seeded,LOW_CONFIDENCE,AUTHORITATIVE_DISCOVERY_SET_CLASSIFICATION,-0.2554958875116442,-1.5325605796875692
TmP8,Transition,Major River,7,0.935,0.4641666666666666,15.879948810334218,2.2501527052475296,35.05242623666666,1.3943505685635922,0.8415366209001289,22.84166666666667,22.725,100.0,True,True,T3,Transition–Stream Functionally Diverse Light-Seeded State,Functionally Diverse Light-Seeded,MODERATE_CONFIDENCE,AUTHORITATIVE_DISCOVERY_SET_CLASSIFICATION,-0.406309497044215,-1.2735451322807736
TmP9,Transition,Major River,9,0.973,0.553076923076923,15.169469782262976,2.4758827057602915,25.12006452392308,1.6330604151148294,0.9328925339061472,60.93076923076923,29.084615384615383,100.0,True,True,T2,Buffer-Enriched Structurally Developed Diverse State,Structurally Developed Diverse,MODERATE_CONFIDENCE,AUTHORITATIVE_DISCOVERY_SET_CLASSIFICATION,3.2909593952719245,-0.7467888434124285
TmP10,Transition,Major River,10,0.96,0.5299999999999999,14.005026947756502,2.3506409588723045,23.596172964666664,1.4665960823323403,0.8460223445595917,39.77,28.186666666666667,100.0,True,True,T2,Buffer-Enriched Structurally Developed Diverse State,Structurally Developed Diverse,MODERATE_CONFIDENCE,AUTHORITATIVE_DISCOVERY_SET_CLASSIFICATION,1.2465454367801565,-0.1604918913333335
TsP1,Transition,Stream,7,0.886,0.42,16.76091873229167,1.3221971321881052,29.378471376000007,2.071419731327252,0.8033516727161705,26.86875,27.475,88.88888888888889,False,True,T3,Transition–Stream Functionally Diverse Light-Seeded State,Functionally Diverse Light-Seeded,HIGH_CONFIDENCE,AUTHORITATIVE_DISCOVERY_SET_CLASSIFICATION,1.033923386502817,-1.6733949546122002
TsP2,Transition,Stream,7,0.914,0.4023076923076922,13.640990887702715,2.070986544481538,29.746740945384616,1.9856472167908747,0.8256685572649909,28.022222222222226,28.14444444444445,69.23076923076923,False,False,,,,,,0.8667595499567596,-1.3147580491349322
TsP3,Transition,Stream,7,0.921,0.4716666666666667,14.408525244381734,1.8725554847271952,35.98837681716667,1.7986008371256086,0.8054622874677466,33.641666666666666,34.225,100.0,True,True,T3,Transition–Stream Functionally Diverse Light-Seeded State,Functionally Diverse Light-Seeded,MODERATE_CONFIDENCE,AUTHORITATIVE_DISCOVERY_SET_CLASSIFICATION,1.9457467069128909,-0.8826117521119053
TsP4,Transition,Stream,4,0.793,0.373076923076923,19.012334970770784,2.338729322104515,24.01412413307693,1.039274247121184,0.6536842703753618,25.01538461538462,25.973076923076924,100.0,True,True,T4,Transition–Upland Acquisitive Low-Richness Heavy-Seeded State,Acquisitive Low-Richness Heavy-Seeded,HIGH_CONFIDENCE,AUTHORITATIVE_DISCOVERY_SET_CLASSIFICATION,-2.975165258409775,-2.255517783047741
TsP5,Transition,Stream,3,0.761,0.3566666666666667,19.43329723333501,2.641398468480353,22.96726408083333,0.9417009797196452,0.8311202849484767,24.05,25.2375,100.0,True,True,T4,Transition–Upland Acquisitive Low-Richness Heavy-Seeded State,Acquisitive Low-Richness Heavy-Seeded,HIGH_CONFIDENCE,AUTHORITATIVE_DISCOVERY_SET_CLASSIFICATION,-2.986406226791061,-2.695525855416587
TsP6,Transition,Stream,10,0.898,0.4085714285714286,14.186070633511733,1.8359262242725136,27.00750107457143,1.967378855447456,0.7889829574255341,26.34117647058824,26.829411764705885,80.95238095238095,False,True,T3,Transition–Stream Functionally Diverse Light-Seeded State,Functionally Diverse Light-Seeded,HIGH_CONFIDENCE,AUTHORITATIVE_DISCOVERY_SET_CLASSIFICATION,0.575658335630405,-0.8224242278679232
TsP7,Transition,Stream,7,0.888,0.3945454545454545,17.09377389574231,2.2781227855781108,28.358493492636363,1.3625709657138958,0.6428156155285367,27.568181818181817,28.38636363636364,100.0,True,True,T4,Transition–Upland Acquisitive Low-Richness Heavy-Seeded State,Acquisitive Low-Richness Heavy-Seeded,HIGH_CONFIDENCE,AUTHORITATIVE_DISCOVERY_SET_CLASSIFICATION,-1.1137056512717824,-1.6263942721588625
TsP8,Transition,Stream,4,0.844,0.3642307692307692,18.55092468211849,2.4763326738079297,24.464577118846154,1.060409863605516,0.5818535306507242,25.16538461538461,26.246153846153845,100.0,True,True,T4,Transition–Upland Acquisitive Low-Richness Heavy-Seeded State,Acquisitive Low-Richness Heavy-Seeded,HIGH_CONFIDENCE,AUTHORITATIVE_DISCOVERY_SET_CLASSIFICATION,-2.9299293431702425,-2.3147974980038843
TsP9,Transition,Stream,7,0.821,0.3686666666666666,18.77298264767117,1.5270858202320168,31.69900024433333,1.79619465045184,0.7469723455373086,24.315384615384616,24.04230769230769,86.66666666666667,False,True,T3,Transition–Stream Functionally Diverse Light-Seeded State,Functionally Diverse Light-Seeded,MODERATE_CONFIDENCE,AUTHORITATIVE_DISCOVERY_SET_CLASSIFICATION,-0.6326565462705089,-2.155293544432613
TsP10,Transition,Stream,8,0.926,0.3947058823529412,15.12998959602362,1.919596196562868,33.17777586458823,1.5791042214997209,0.8344909759474685,30.147058823529413,30.65882352941177,100.0,True,True,T3,Transition–Stream Functionally Diverse Light-Seeded State,Functionally Diverse Light-Seeded,HIGH_CONFIDENCE,AUTHORITATIVE_DISCOVERY_SET_CLASSIFICATION,1.197231260346149,-1.3440711843482582
TuP1,Transition,Upland,5,0.963,0.4285714285714285,23.138102740162505,2.542324117783896,25.885846657142856,2.924414402508278,0.8368043234288152,21.942857142857147,23.285714285714285,100.0,True,True,T3,Transition–Stream Functionally Diverse Light-Seeded State,Functionally Diverse Light-Seeded,MODERATE_CONFIDENCE,AUTHORITATIVE_DISCOVERY_SET_CLASSIFICATION,0.9057170918585062,-4.195810737853579
TuP2,Transition,Upland,5,0.935,0.422,14.732409474040589,2.1782195402115723,22.915288954,1.959219209608106,0.740609470032363,25.47777777777777,25.88888888888889,90.0,True,True,T3,Transition–Stream Functionally Diverse Light-Seeded State,Functionally Diverse Light-Seeded,MODERATE_CONFIDENCE,AUTHORITATIVE_DISCOVERY_SET_CLASSIFICATION,-0.2209477037735731,-1.714345436713825
TuP3,Transition,Upland,2,0.991,0.4644444444444444,14.3661564334085,3.283426119695572,13.333333333333334,1.0881658073888012,,25.58888888888889,25.53333333333333,100.0,True,True,,,,,,,
TuP4,Transition,Upland,6,0.884,0.3975,16.01052149172304,2.56873566013062,12.861354954166666,1.6212802726868671,0.6211304822764273,23.59166666666667,24.075000000000003,100.0,True,True,T4,Transition–Upland Acquisitive Low-Richness Heavy-Seeded State,Acquisitive Low-Richness Heavy-Seeded,HIGH_CONFIDENCE,AUTHORITATIVE_DISCOVERY_SET_CLASSIFICATION,-2.441145481030954,-1.6843117990710457
TuP5,Transition,Upland,3,0.937,0.4609999999999999,14.027696440190926,3.541148496372573,21.315288953,0.8766009122519117,0.8473649978786075,23.01,23.51,100.0,True,True,T4,Transition–Upland Acquisitive Low-Richness Heavy-Seeded State,Acquisitive Low-Richness Heavy-Seeded,HIGH_CONFIDENCE,AUTHORITATIVE_DISCOVERY_SET_CLASSIFICATION,-2.5518655019451644,-1.498673751610527
TuP6,Transition,Upland,8,1.0,0.465,15.374096912973808,2.2948892355123345,33.84116678875,2.0604414160492137,0.9002868663845721,19.585714285714285,22.085714285714285,87.5,False,True,T3,Transition–Stream Functionally Diverse Light-Seeded State,Functionally Diverse Light-Seeded,HIGH_CONFIDENCE,AUTHORITATIVE_DISCOVERY_SET_CLASSIFICATION,0.8632088165922386,-1.5402098561727011
TuP7,Transition,Upland,5,0.845,0.462,19.500591270131288,2.757038836144053,14.096074128,1.6967334502757114,0.8095514769234377,21.7,22.49,100.0,True,True,T4,Transition–Upland Acquisitive Low-Richness Heavy-Seeded State,Acquisitive Low-Richness Heavy-Seeded,HIGH_CONFIDENCE,AUTHORITATIVE_DISCOVERY_SET_CLASSIFICATION,-2.2307085765799086,-2.3331156648911517
TuP8,Transition,Upland,6,0.936,0.4366666666666667,17.19161443907483,2.4400750203809807,12.592917716666667,1.6714786505929893,0.6036441468529236,22.044444444444444,23.57777777777778,100.0,True,True,T4,Transition–Upland Acquisitive Low-Richness Heavy-Seeded State,Acquisitive Low-Richness Heavy-Seeded,HIGH_CONFIDENCE,AUTHORITATIVE_DISCOVERY_SET_CLASSIFICATION,-2.1223683058466345,-1.8048831210612648
TuP9,Transition,Upland,4,0.875,0.38625,17.280550542709843,2.7281310911425773,19.16703243125,1.638172594265633,0.6035589265149872,20.15,21.0875,100.0,True,True,T4,Transition–Upland Acquisitive Low-Richness Heavy-Seeded State,Acquisitive Low-Richness Heavy-Seeded,HIGH_CONFIDENCE,AUTHORITATIVE_DISCOVERY_SET_CLASSIFICATION,-3.111153740827768,-2.3456287434505585
TuP10,Transition,Upland,6,0.976,0.4157142857142856,17.88875844584386,2.9357428116950035,21.097328177142856,1.5315754549363598,0.7360775975341488,22.957142857142856,23.67142857142857,100.0,True,True,T4,Transition–Upland Acquisitive Low-Richness Heavy-Seeded State,Acquisitive Low-Richness Heavy-Seeded,HIGH_CONFIDENCE,AUTHORITATIVE_DISCOVERY_SET_CLASSIFICATION,-1.369423139103652,-2.3609922697180417
