Trait,Comparison_Family,Level_A,Level_B,Difference_A_minus_B,HC3_SE,HC3_t,Raw_p,CI95_Lower,CI95_Upper,Holm_p,Holm_Significant,Seed_Mass_Ratio_A_over_B,Seed_Mass_Ratio_CI95_Lower,Seed_Mass_Ratio_CI95_Upper
Wood Density,Habitat_within_Buffer,Major River,Stream,0.04278367719221561,0.020321978986907602,2.1052908882436556,0.038364262917077604,0.002349313536386996,0.08321804084804423,0.07672852583415521,False,,,
Wood Density,Habitat_within_Buffer,Major River,Upland,-0.03318937732273431,0.025721138906655554,-1.2903541108028576,0.20059912270004232,-0.08436637562904209,0.01798762098357347,0.20059912270004232,False,,,
Wood Density,Habitat_within_Buffer,Stream,Upland,-0.07597305451494991,0.024057460825433478,-3.157983091658261,0.0022325809054950943,-0.12383985529641511,-0.028106253733484722,0.006697742716485283,True,,,
Wood Density,Habitat_within_Core,Major River,Stream,0.0876697617797579,0.023521630446706916,3.7271974822660248,0.0003572188865917858,0.04086909537453767,0.13447042818497812,0.0008564664702430168,True,,,
Wood Density,Habitat_within_Core,Major River,Upland,0.0028274452362668304,0.01503104132701844,0.18810707620000156,0.8512631714353782,-0.02707961211941725,0.03273450259195091,0.8512631714353782,False,,,
Wood Density,Habitat_within_Core,Stream,Upland,-0.08484231654349107,0.02236735503219748,-3.7931313926640766,0.0002854888234143389,-0.12934633694295933,-0.040338296144022824,0.0008564664702430168,True,,,
Wood Density,Habitat_within_Transition,Major River,Stream,0.10792606367909972,0.02005999579265866,5.380163824291395,7.053475290284082e-07,0.06801296440184379,0.14783916295635566,2.1160425870852244e-06,True,,,
Wood Density,Habitat_within_Transition,Major River,Upland,0.06945519614793808,0.01917875197407107,3.6214658931842285,0.0005091966892126872,0.0312954956441568,0.10761489665171936,0.0010183933784253744,True,,,
Wood Density,Habitat_within_Transition,Stream,Upland,-0.03847086753116165,0.014847785187411785,-2.591017249076174,0.011346564549709911,-0.06801330265218086,-0.008928432410142441,0.011346564549709911,True,,,
Log10 Seed Mass,Habitat_within_Buffer,Major River,Stream,0.11896373829834615,0.1746108968801682,0.6813076412979452,0.4976201202360512,-0.22845717515066805,0.4663846517473604,1.0,False,1.3151150212195786,0.5909392339549363,2.926743427513331
Log10 Seed Mass,Habitat_within_Buffer,Major River,Upland,-0.020404379557860813,0.10545463207642149,-0.19348964721695722,0.8470598934618703,-0.23022601874549622,0.1894172596297746,1.0,False,0.9541037887601987,0.5885372847152419,1.5467397960470974
Log10 Seed Mass,Habitat_within_Buffer,Stream,Upland,-0.13936811785620695,0.150971982324847,-0.9231389540631987,0.3586765373238866,-0.4397550063131322,0.1610187706007183,1.0,False,0.7254907543185126,0.3632829317127882,1.4488344721291968
Log10 Seed Mass,Habitat_within_Core,Major River,Stream,0.3350514830490835,0.11788699088435166,2.8421412789963605,0.005668100624664806,0.10049334957300046,0.5696096165251665,0.011336201249329611,True,2.1629749164475354,1.260356337690661,3.7120140941676243
Log10 Seed Mass,Habitat_within_Core,Major River,Upland,0.2682985425102627,0.05522854602159543,4.8579686020586665,5.699932458077235e-06,0.15841105982668413,0.37818602519384126,1.7099797374231706e-05,True,1.8548062152986684,1.440161046126372,2.3888342943061995
Log10 Seed Mass,Habitat_within_Core,Stream,Upland,-0.06675294053882083,0.11529217723206314,-0.578989330771842,0.5642030307232677,-0.29614820877902615,0.16264232770138448,0.5642030307232677,False,0.8575255317084293,0.5056520720479583,1.4542609002936717
Log10 Seed Mass,Habitat_within_Transition,Major River,Stream,0.38613014541333235,0.21592396471014638,1.7882690600446716,0.07747193564039258,-0.043490814077036755,0.8157511049037014,0.15494387128078516,False,2.4329329790307006,0.9047095733820243,6.54261108161808
Log10 Seed Mass,Habitat_within_Transition,Major River,Upland,-0.3125498822500719,0.2183738681030181,-1.431260456963771,0.1562026598110156,-0.7470453810150286,0.12194561651488472,0.1562026598110156,False,0.4869115962007914,0.1790418756871608,1.3241757080843846
Log10 Seed Mass,Habitat_within_Transition,Stream,Upland,-0.6986800276634042,0.19895975741366667,-3.511665056018064,0.0007309531975910512,-1.09454753590768,-0.30281251941912857,0.0021928595927731536,True,0.20013358378444968,0.08043637017246584,0.49795199948142393
Maximum Height,Habitat_within_Buffer,Major River,Stream,-2.32621559810843,1.431995424429354,-1.6244574238324958,0.10816348421776975,-5.175437309348378,0.523006113131518,0.26028294108930616,False,,,
Maximum Height,Habitat_within_Buffer,Major River,Upland,-2.0189562036805295,1.164478959224016,-1.7337850441075546,0.08676098036310206,-4.335904062801882,0.29799165544082307,0.26028294108930616,False,,,
Maximum Height,Habitat_within_Buffer,Stream,Upland,0.3072593944279005,1.5032284716699442,0.204399663935692,0.8385539094589611,-2.683693736684809,3.2982125255406105,0.8385539094589611,False,,,
Maximum Height,Habitat_within_Core,Major River,Stream,0.8576504957541806,1.3275963917085027,0.6460174953100452,0.5200941116390068,-1.78384988789896,3.4991508794073214,0.5348856729256736,False,,,
Maximum Height,Habitat_within_Core,Major River,Upland,-1.2414810815550532,1.1117844968299122,-1.116656227079035,0.2674428364628368,-3.4535834895289432,0.9706213264188368,0.5348856729256736,False,,,
Maximum Height,Habitat_within_Core,Stream,Upland,-2.099131577309234,1.3528075034524234,-1.551685344701415,0.12463617982823083,-4.790794165198397,0.5925310105799291,0.3739085394846925,False,,,
Maximum Height,Habitat_within_Transition,Major River,Stream,-1.5830356548239206,2.572759847512008,-0.6153064213726741,0.5400773238355019,-6.702020736957628,3.5359494273097876,0.5400773238355019,False,,,
Maximum Height,Habitat_within_Transition,Major River,Upland,7.386633650574551,3.14136871746544,2.3514061273693243,0.021132409222259313,1.136295276498215,13.636972024650888,0.042264818444518626,True,,,
Maximum Height,Habitat_within_Transition,Stream,Upland,8.969669305398472,2.6807378653195935,3.345970309681556,0.0012448125421574345,3.635841837999026,14.303496772797919,0.0037344376264723035,True,,,
Wood Density,Zone_within_Major River,Buffer,Core,-0.08759684376968592,0.019681198214820818,-4.450788148849677,2.7053038691546928e-05,-0.1267562546869593,-0.04843743285241253,5.4106077383093856e-05,True,,,
Wood Density,Zone_within_Major River,Buffer,Transition,0.06455694762261346,0.022864488062773358,2.823459132143062,0.0059771357122542805,0.019063788431269706,0.11005010681395722,0.0059771357122542805,True,,,
Wood Density,Zone_within_Major River,Core,Transition,0.15215379139229937,0.020355244589816524,7.474918354379295,8.057811423570577e-11,0.11165323962132133,0.1926543431632774,2.417343427071173e-10,True,,,
Wood Density,Zone_within_Stream,Buffer,Core,-0.04271075918214362,0.0240603484107088,-1.7751513175567266,0.07962943479781102,-0.09058330535253895,0.005161786988251697,0.07962943479781102,False,,,
Wood Density,Zone_within_Stream,Buffer,Transition,0.12969933410949758,0.017105596942904186,7.58227465211613,4.9689306968886686e-11,0.09566456181763491,0.16373410640136024,1.4906792090666005e-10,True,,,
Wood Density,Zone_within_Stream,Core,Transition,0.1724100932916412,0.023266597253609706,7.410198036796832,1.077883292784179e-10,0.12611686294275404,0.21870332364052836,2.155766585568358e-10,True,,,
Wood Density,Zone_within_Upland,Buffer,Core,-0.05158002121068478,0.022364248855236312,-2.306360546449024,0.02364626208910086,-0.09607786129233516,-0.007082181129034401,0.02364626208910086,True,,,
Wood Density,Zone_within_Upland,Buffer,Transition,0.16720152109328584,0.02250814740412234,7.4284888085752945,9.928409895992798e-11,0.12241736803695163,0.21198567414962005,1.9856819791985597e-10,True,,,
Wood Density,Zone_within_Upland,Core,Transition,0.21878154230397062,0.013394803034991453,16.333315371076694,2.3621498967308052e-27,0.19213008589984912,0.24543299870809213,7.086449690192415e-27,True,,,
Log10 Seed Mass,Zone_within_Major River,Buffer,Core,-0.3316982905557596,0.10600083507476125,-3.1292045041137304,0.0024367717889055792,-0.5426067023790229,-0.12078987873249641,0.007310315366716738,True,0.4659096539925284,0.28667729478556125,0.757199156095743
Log10 Seed Mass,Zone_within_Major River,Buffer,Transition,-0.3374625634855841,0.19175821367661686,-1.759833683341902,0.08221147572691542,-0.7190012586484751,0.044076131677306785,0.16442295145383085,False,0.45976661905475485,0.1909847723542174,1.1068177917608317
Log10 Seed Mass,Zone_within_Major River,Core,Transition,-0.005764272929824468,0.17085164400853015,-0.0337384692039409,0.9731687039014786,-0.3457054523537243,0.3341769064940754,0.9731687039014786,False,0.9868149653368805,0.45112256161404146,2.1586235286675106
Log10 Seed Mass,Zone_within_Stream,Buffer,Core,-0.11561054580502227,0.18207177401375868,-0.6349723697220959,0.5272360444175144,-0.4778762644477338,0.24665517283768923,1.0,False,0.7662834646828431,0.3327543453753127,1.7646361539893693
Log10 Seed Mass,Zone_within_Stream,Buffer,Transition,-0.0702961563705979,0.20085047008408588,-0.34999249113615954,0.7272527597287388,-0.46992558975679327,0.3293332770155975,1.0,False,0.85055782354188,0.3389022172871761,2.1346824372508313
Log10 Seed Mass,Zone_within_Stream,Core,Transition,0.04531438943442437,0.17700343752452452,0.25600852767701693,0.7985932953044051,-0.3068669294129803,0.3974957082818291,1.0,False,1.1099780469540959,0.49332493869325444,2.4974437091778747
Log10 Seed Mass,Zone_within_Upland,Buffer,Core,-0.04299536848763613,0.05417282238804049,-0.7936704530485759,0.42970623867223146,-0.15078229229618018,0.06479155532090793,0.42970623867223146,False,0.9057422600909426,0.7066717133132636,1.1608912968488718
Log10 Seed Mass,Zone_within_Upland,Buffer,Transition,-0.6296080661777952,0.14844734145211463,-4.241288931273255,5.862210934409449e-05,-0.9249717112186047,-0.33424442113698577,0.00017586632803228347,True,0.23463453452447988,0.11885796458158485,0.46318616497702486
Log10 Seed Mass,Zone_within_Upland,Core,Transition,-0.5866126976901591,0.14678914914092356,-3.9962946929202996,0.00014104683297616754,-0.8786770601677303,-0.294548335212588,0.0002820936659523351,True,0.259052210394733,0.13222785103075618,0.5075182511647087
Maximum Height,Zone_within_Major River,Buffer,Core,-2.6133591789664528,1.075968194068601,-2.4288442663759926,0.01736090476973084,-4.75419837917937,-0.47251997875353524,0.05208271430919252,False,,,
Maximum Height,Zone_within_Major River,Buffer,Transition,-4.381953484659109,2.2855919860623777,-1.9172072318158353,0.05873723154496881,-8.92956460033012,0.16565763101190356,0.11747446308993761,False,,,
Maximum Height,Zone_within_Major River,Core,Transition,-1.7685943056926554,2.287949295193604,-0.7730041524119522,0.4417698577328485,-6.320895727102228,2.7837071157169175,0.4417698577328485,False,,,
Maximum Height,Zone_within_Stream,Buffer,Core,0.5705069148961581,1.6295445744798747,0.3501020615396514,0.7271708421550368,-2.671775638409846,3.812789468202163,0.7271708421550368,False,,,
Maximum Height,Zone_within_Stream,Buffer,Transition,-3.638773541374599,1.8562794514307535,-1.9602509409722566,0.05340469361439733,-7.33218737840045,0.05464029565125239,0.10680938722879466,False,,,
Maximum Height,Zone_within_Stream,Core,Transition,-4.209280456270757,1.7739485434675213,-2.3728312028954988,0.02002220464045695,-7.738881611724376,-0.6796793008171376,0.060066613921370846,False,,,
Maximum Height,Zone_within_Upland,Buffer,Core,-1.8358840568409764,1.1976512260334975,-1.5329037510538381,0.12919626167980952,-4.218834321551218,0.547066207869265,0.12919626167980952,False,,,
Maximum Height,Zone_within_Upland,Buffer,Transition,5.023636369595973,2.4495464761447865,2.050843459603352,0.04351521279956574,0.14980724733864204,9.897465491853303,0.08703042559913148,False,,,
Maximum Height,Zone_within_Upland,Core,Transition,6.859520426436949,2.4227154618495517,2.8313355548572128,0.005845007287726679,2.039076606367323,11.679964246506575,0.017535021863180036,True,,,
