Habitat,Zone,N_Plots,Mean_CWM_WD,Mean_CWM_SLA,Mean_CWM_Log10_Seed_Mass,Mean_CWM_Max_Height,Mean_FDis,Mean_RaoQ
Major River,Buffer,10,0.5679268263102342,13.834928715965109,2.076960647171263,22.715243375260687,1.717780167185083,2.2539270184217264
Major River,Core,10,0.6555236700799201,12.605436407219306,2.408658937727023,25.328602554227125,1.4879378800394287,1.9592616029605083
Major River,Transition,10,0.5033698786876206,17.045340406559355,2.414423210656847,27.09719685991978,1.5416085241855781,2.0082254619536863
Stream,Buffer,10,0.5251431491180184,13.86261455703027,1.9579969088729168,25.041458973369096,1.5869655543061614,2.062803291597208
Stream,Core,10,0.5678539083001622,13.994407009383954,2.073607454677938,24.47095205847295,1.6977849756520413,2.218461510907274
Stream,Transition,10,0.3954438150085209,16.698980852354925,2.0282930652435143,28.680232514743704,1.5602301568802992,1.9320082937491576
Upland,Buffer,10,0.6011162036329684,13.738979744760329,2.097365026729123,24.734199578941197,1.580491296021332,2.0937625648089013
Upland,Core,10,0.6526962248436534,11.760580011429289,2.140360395216761,26.57008363578219,1.6947540073779064,2.1249224305105865
Upland,Transition,10,0.4339146825396825,16.95104981902592,2.7269730929069183,19.71056320934524,1.7068082170563872,2.1104343293328913
