Habitat,Zone,Trait,Column,N_Plots,Mean,SD,Median,Min,Q1,Q3,Max
Major River,Buffer,Wood Density,CWM_WD,10,0.5679268263102342,0.047234444831566726,0.5700555555555555,0.45999999999999996,0.5566071428571429,0.5954136029411764,0.636470588235294
Major River,Buffer,Specific Leaf Area,CWM_SLA,10,13.834928715965106,1.9432807884789587,13.918476661179948,10.493065249566962,12.9249814083738,15.033560588093696,17.267074181434733
Major River,Buffer,Log10 Seed Mass,CWM_Log10_Seed_Mass,10,2.0769606471712625,0.2909930820459362,2.182720839601381,1.4018732989339722,1.9580575877120894,2.2492384441631312,2.3587842585916303
Major River,Buffer,Maximum Height,CWM_Max_Height_m,10,22.715243375260687,2.2718204964527957,23.003334598805626,18.825774200799998,21.231973891771712,24.620530270470237,25.544227017
Major River,Core,Wood Density,CWM_WD,10,0.6555236700799201,0.035426731291402995,0.645922619047619,0.6136666666666666,0.6322045454545455,0.6726491477272728,0.7284615384615385
Major River,Core,Specific Leaf Area,CWM_SLA,10,12.605436407219306,1.4998263126910705,12.753271711023864,10.338381713408015,11.473249593079139,13.451744673270312,15.376254737931967
Major River,Core,Log10 Seed Mass,CWM_Log10_Seed_Mass,10,2.4086589377270227,0.12825217163981092,2.3722192793546624,2.245973054844591,2.3223275761011806,2.484945677799908,2.627693105159757
Major River,Core,Maximum Height,CWM_Max_Height_m,10,25.328602554227125,2.2930764539635815,25.295828930192307,22.1469700221875,23.532938196193186,27.562407766202384,28.267052380909085
Major River,Transition,Wood Density,CWM_WD,10,0.5033698786876206,0.04973902442557572,0.5248387096774193,0.4175,0.46187500000000004,0.5386944444444444,0.5588888888888889
Major River,Transition,Specific Leaf Area,CWM_SLA,10,17.045340406559355,2.6805284129864835,15.98958792777201,13.847719242169045,15.299020968667149,19.098158511182056,21.528194813553476
Major River,Transition,Log10 Seed Mass,CWM_Log10_Seed_Mass,10,2.414423210656847,0.4962498753787551,2.413261832316298,1.3798571871854517,2.2701607583465657,2.7627308031451556,3.104002577047117
Major River,Transition,Maximum Height,CWM_Max_Height_m,10,27.09719685991978,6.469482836569704,24.870627238836537,21.2696171651,22.915152116166666,28.776704292125,41.24330894777778
Stream,Buffer,Wood Density,CWM_WD,10,0.5251431491180185,0.03854546265064808,0.5360555555555555,0.4529166666666667,0.5095591769309898,0.5516033138401559,0.5675000000000001
Stream,Buffer,Specific Leaf Area,CWM_SLA,10,13.86261455703027,1.642562125593854,13.82825559114271,11.880617518478735,12.542840483693388,14.843387033621276,16.55329870242334
Stream,Buffer,Log10 Seed Mass,CWM_Log10_Seed_Mass,10,1.9579969088729168,0.435572857263946,1.8067069113619625,1.496132097017028,1.7111644884549784,2.166991490510257,2.7474583171693
Stream,Buffer,Maximum Height,CWM_Max_Height_m,10,25.0414589733691,3.6461390116363437,25.07504266343116,19.9259936604,22.180049767647223,28.05739410085,30.471596900555557
Stream,Core,Wood Density,CWM_WD,10,0.5678539083001622,0.061027457753455305,0.5953501400560224,0.45999999999999996,0.5383,0.6127083333333333,0.6247368421052633
Stream,Core,Specific Leaf Area,CWM_SLA,10,13.994407009383957,2.0679742385097106,14.52495748286087,10.055012889035217,12.808172012198067,15.037545736165388,17.267074181434733
Stream,Core,Log10 Seed Mass,CWM_Log10_Seed_Mass,10,2.073607454677938,0.3295868080606038,2.160576818199249,1.4018732989339722,1.9742816030310635,2.276910370589613,2.5258494514181615
Stream,Core,Maximum Height,CWM_Max_Height_m,10,24.47095205847295,3.256441307589426,23.67447878465333,20.57668861141176,23.30662586822269,25.087839614315786,32.76639843916667
Stream,Transition,Wood Density,CWM_WD,10,0.3954438150085209,0.03387713579990684,0.3946256684491979,0.3566666666666667,0.36976923076923074,0.4070054945054945,0.4716666666666667
Stream,Transition,Specific Leaf Area,CWM_SLA,10,16.69898085235492,2.213416450210455,16.92734631401699,13.640990887702715,14.588891332292205,18.717468156283005,19.433297233335015
Stream,Transition,Log10 Seed Mass,CWM_Log10_Seed_Mass,10,2.0282930652435143,0.4163465960133538,1.995291370522203,1.3221971321881052,1.845083539386184,2.323577687972914,2.641398468480353
Stream,Transition,Maximum Height,CWM_Max_Height_m,10,28.680232514743704,4.209231631077116,28.868482434318185,22.967264080833335,25.100308107777472,31.210935419596154,35.98837681716667
Upland,Buffer,Wood Density,CWM_WD,10,0.6011162036329682,0.0610172115173489,0.6032189542483661,0.4742857142857143,0.5684705882352941,0.6478375000000001,0.6822727272727273
Upland,Buffer,Specific Leaf Area,CWM_SLA,10,13.738979744760329,1.4052915954816305,13.905976155807611,11.341397727922015,12.74449224896906,14.442393897110179,16.299374171428575
Upland,Buffer,Log10 Seed Mass,CWM_Log10_Seed_Mass,10,2.097365026729123,0.1241335612909245,2.1270953509227217,1.8578084593585757,2.0439558883095583,2.1760692572980145,2.2662072373548163
Upland,Buffer,Maximum Height,CWM_Max_Height_m,10,24.734199578941194,2.6538524544849853,24.814695150758823,20.33367693,24.177970509729164,26.02009887817857,28.3896057056
Upland,Core,Wood Density,CWM_WD,10,0.6526962248436534,0.02789868348824997,0.6578890502509056,0.6104166666666666,0.6334766827325635,0.6686565184757816,0.69
Upland,Core,Specific Leaf Area,CWM_SLA,10,11.76058001142929,1.3579170954988118,12.280219897399387,9.77391059520689,10.403663683146211,12.827784947659564,13.206751433861257
Upland,Core,Log10 Seed Mass,CWM_Log10_Seed_Mass,10,2.140360395216761,0.10489571550167276,2.134017179662451,2.01343068912421,2.060808335485955,2.183775046923682,2.376390841879881
Upland,Core,Maximum Height,CWM_Max_Height_m,10,26.57008363578219,2.4220617834398595,26.79497397215652,23.348121628720005,24.62046456510417,27.728353905017208,30.581091507793104
Upland,Transition,Wood Density,CWM_WD,10,0.4339146825396825,0.028921448697089666,0.4326190476190476,0.38625,0.41728571428571426,0.46175,0.465
Upland,Transition,Specific Leaf Area,CWM_SLA,10,16.95104981902592,2.7758268591398965,16.601067965398933,14.027696440190926,14.892831333773893,17.736706470060355,23.138102740162505
Upland,Transition,Log10 Seed Mass,CWM_Log10_Seed_Mass,10,2.7269730929069187,0.4276919190480907,2.6484333756365985,2.1782195402115723,2.4656372947317093,2.891066817807266,3.5411484963725726
Upland,Transition,Maximum Height,CWM_Max_Height_m,10,19.710563209345235,6.852705202981086,20.132180304196428,12.592917716666667,13.524018532000001,22.515288953749998,33.84116678875
