Plot_ID,Zone,Habitat,Structural_Coverage_Percent,Typology_ID,Typology_Name,Short_Name,Confidence_Class,Within_Cluster_Consensus,Maximum_External_Consensus,Consensus_Margin,Silhouette,Typology_Status,Typology_Confidence_Qualified
BmP1,Buffer,Major River,100.0,T1,Core–Upland Dense-Wood Conservative State,Dense-Wood Conservative,MODERATE_CONFIDENCE,0.9227200000000001,0.633,0.2897200000000001,0.13995976578142946,AUTHORITATIVE_DISCOVERY_SET_CLASSIFICATION,False
BmP10,Buffer,Major River,70.0,,,,,,,,,UNCLASSIFIED_BY_AUTHORITATIVE_TYPOLOGY,False
BmP2,Buffer,Major River,76.47058823529412,T2,Buffer-Enriched Structurally Developed Diverse State,Structurally Developed Diverse,MODERATE_CONFIDENCE,0.7928620689655175,0.6,0.1928620689655175,0.18409152247404006,AUTHORITATIVE_DISCOVERY_SET_CLASSIFICATION,False
BmP3,Buffer,Major River,78.26086956521739,T2,Buffer-Enriched Structurally Developed Diverse State,Structurally Developed Diverse,LOW_CONFIDENCE,0.5570689655172414,0.751,-0.1939310344827586,0.009390693045053909,AUTHORITATIVE_DISCOVERY_SET_CLASSIFICATION,True
BmP4,Buffer,Major River,88.88888888888889,T2,Buffer-Enriched Structurally Developed Diverse State,Structurally Developed Diverse,HIGH_CONFIDENCE,0.8166896551724139,0.466,0.35068965517241385,0.3248140284789224,AUTHORITATIVE_DISCOVERY_SET_CLASSIFICATION,False
BmP5,Buffer,Major River,83.33333333333333,T3,Transition–Stream Functionally Diverse Light-Seeded State,Functionally Diverse Light-Seeded,HIGH_CONFIDENCE,0.8731666666666666,0.509,0.36416666666666664,0.22499410506839648,AUTHORITATIVE_DISCOVERY_SET_CLASSIFICATION,False
BmP6,Buffer,Major River,78.57142857142857,T2,Buffer-Enriched Structurally Developed Diverse State,Structurally Developed Diverse,MODERATE_CONFIDENCE,0.8035862068965518,0.569,0.23458620689655185,0.21339695806954276,AUTHORITATIVE_DISCOVERY_SET_CLASSIFICATION,False
BmP7,Buffer,Major River,78.57142857142857,T2,Buffer-Enriched Structurally Developed Diverse State,Structurally Developed Diverse,HIGH_CONFIDENCE,0.8093448275862068,0.43,0.37934482758620686,0.299465948598543,AUTHORITATIVE_DISCOVERY_SET_CLASSIFICATION,False
BmP8,Buffer,Major River,82.3529411764706,T1,Core–Upland Dense-Wood Conservative State,Dense-Wood Conservative,MODERATE_CONFIDENCE,0.89444,0.67,0.22443999999999997,0.08560801726412147,AUTHORITATIVE_DISCOVERY_SET_CLASSIFICATION,False
BmP9,Buffer,Major River,81.25,T2,Buffer-Enriched Structurally Developed Diverse State,Structurally Developed Diverse,MODERATE_CONFIDENCE,0.8159655172413793,0.519,0.2969655172413793,0.3388986966737914,AUTHORITATIVE_DISCOVERY_SET_CLASSIFICATION,False
BsP1,Buffer,Stream,100.0,T1,Core–Upland Dense-Wood Conservative State,Dense-Wood Conservative,LOW_CONFIDENCE,0.62088,0.382,0.23887999999999998,0.08245547326682508,AUTHORITATIVE_DISCOVERY_SET_CLASSIFICATION,True
BsP10,Buffer,Stream,100.0,T2,Buffer-Enriched Structurally Developed Diverse State,Structurally Developed Diverse,LOW_CONFIDENCE,0.6496551724137931,0.609,0.04065517241379313,0.14279185832283764,AUTHORITATIVE_DISCOVERY_SET_CLASSIFICATION,True
BsP2,Buffer,Stream,100.0,T1,Core–Upland Dense-Wood Conservative State,Dense-Wood Conservative,HIGH_CONFIDENCE,0.87872,0.546,0.3327199999999999,0.19263770594302096,AUTHORITATIVE_DISCOVERY_SET_CLASSIFICATION,False
BsP3,Buffer,Stream,100.0,T1,Core–Upland Dense-Wood Conservative State,Dense-Wood Conservative,LOW_CONFIDENCE,0.66488,0.751,-0.08611999999999997,0.015569904615636622,AUTHORITATIVE_DISCOVERY_SET_CLASSIFICATION,True
BsP4,Buffer,Stream,100.0,T2,Buffer-Enriched Structurally Developed Diverse State,Structurally Developed Diverse,MODERATE_CONFIDENCE,0.7837241379310345,0.535,0.24872413793103443,0.13688769794137062,AUTHORITATIVE_DISCOVERY_SET_CLASSIFICATION,False
BsP5,Buffer,Stream,95.0,T3,Transition–Stream Functionally Diverse Light-Seeded State,Functionally Diverse Light-Seeded,MODERATE_CONFIDENCE,0.82,0.609,0.21099999999999997,0.0037017975817587594,AUTHORITATIVE_DISCOVERY_SET_CLASSIFICATION,False
BsP6,Buffer,Stream,100.0,T1,Core–Upland Dense-Wood Conservative State,Dense-Wood Conservative,HIGH_CONFIDENCE,0.9316000000000001,0.605,0.3266000000000001,0.11369217430985303,AUTHORITATIVE_DISCOVERY_SET_CLASSIFICATION,False
BsP7,Buffer,Stream,94.44444444444444,T2,Buffer-Enriched Structurally Developed Diverse State,Structurally Developed Diverse,HIGH_CONFIDENCE,0.8095172413793105,0.42,0.3895172413793105,0.27943048610457055,AUTHORITATIVE_DISCOVERY_SET_CLASSIFICATION,False
BsP8,Buffer,Stream,94.73684210526316,T2,Buffer-Enriched Structurally Developed Diverse State,Structurally Developed Diverse,MODERATE_CONFIDENCE,0.7821034482758621,0.428,0.3541034482758621,0.27533288332985784,AUTHORITATIVE_DISCOVERY_SET_CLASSIFICATION,False
BsP9,Buffer,Stream,95.65217391304348,T2,Buffer-Enriched Structurally Developed Diverse State,Structurally Developed Diverse,MODERATE_CONFIDENCE,0.8041379310344826,0.563,0.24113793103448267,0.18499799960614408,AUTHORITATIVE_DISCOVERY_SET_CLASSIFICATION,False
BuP1,Buffer,Upland,100.0,T3,Transition–Stream Functionally Diverse Light-Seeded State,Functionally Diverse Light-Seeded,MODERATE_CONFIDENCE,0.8512500000000002,0.576,0.2752500000000002,0.05911218952542431,AUTHORITATIVE_DISCOVERY_SET_CLASSIFICATION,False
BuP10,Buffer,Upland,70.83333333333333,,,,,,,,,UNCLASSIFIED_BY_AUTHORITATIVE_TYPOLOGY,False
BuP2,Buffer,Upland,80.0,T2,Buffer-Enriched Structurally Developed Diverse State,Structurally Developed Diverse,MODERATE_CONFIDENCE,0.7626551724137931,0.634,0.1286551724137931,0.11642345245445021,AUTHORITATIVE_DISCOVERY_SET_CLASSIFICATION,False
BuP3,Buffer,Upland,86.36363636363636,T1,Core–Upland Dense-Wood Conservative State,Dense-Wood Conservative,HIGH_CONFIDENCE,0.93588,0.605,0.33088000000000006,0.2770147102666246,AUTHORITATIVE_DISCOVERY_SET_CLASSIFICATION,False
BuP4,Buffer,Upland,76.47058823529412,T1,Core–Upland Dense-Wood Conservative State,Dense-Wood Conservative,HIGH_CONFIDENCE,0.9358399999999999,0.611,0.3248399999999999,0.22304303397711508,AUTHORITATIVE_DISCOVERY_SET_CLASSIFICATION,False
BuP5,Buffer,Upland,63.333333333333336,,,,,,,,,UNCLASSIFIED_BY_AUTHORITATIVE_TYPOLOGY,False
BuP6,Buffer,Upland,77.77777777777777,T2,Buffer-Enriched Structurally Developed Diverse State,Structurally Developed Diverse,MODERATE_CONFIDENCE,0.7973793103448275,0.587,0.21037931034482749,0.2304230693956528,AUTHORITATIVE_DISCOVERY_SET_CLASSIFICATION,False
BuP7,Buffer,Upland,100.0,T2,Buffer-Enriched Structurally Developed Diverse State,Structurally Developed Diverse,HIGH_CONFIDENCE,0.8102758620689655,0.479,0.33127586206896553,0.30161229160087255,AUTHORITATIVE_DISCOVERY_SET_CLASSIFICATION,False
BuP8,Buffer,Upland,76.0,T2,Buffer-Enriched Structurally Developed Diverse State,Structurally Developed Diverse,MODERATE_CONFIDENCE,0.7456551724137933,0.643,0.1026551724137933,0.16088137704433028,AUTHORITATIVE_DISCOVERY_SET_CLASSIFICATION,False
BuP9,Buffer,Upland,90.0,T2,Buffer-Enriched Structurally Developed Diverse State,Structurally Developed Diverse,MODERATE_CONFIDENCE,0.8035172413793102,0.555,0.2485172413793102,0.18476508352105678,AUTHORITATIVE_DISCOVERY_SET_CLASSIFICATION,False
CmP1,Core,Major River,77.77777777777777,T2,Buffer-Enriched Structurally Developed Diverse State,Structurally Developed Diverse,LOW_CONFIDENCE,0.7013448275862069,0.711,-0.0096551724137931,0.10001001747462936,AUTHORITATIVE_DISCOVERY_SET_CLASSIFICATION,True
CmP10,Core,Major River,78.125,T1,Core–Upland Dense-Wood Conservative State,Dense-Wood Conservative,HIGH_CONFIDENCE,0.9343600000000001,0.614,0.3203600000000001,0.23673561452356234,AUTHORITATIVE_DISCOVERY_SET_CLASSIFICATION,False
CmP2,Core,Major River,81.81818181818181,T1,Core–Upland Dense-Wood Conservative State,Dense-Wood Conservative,HIGH_CONFIDENCE,0.92804,0.624,0.30404,0.14926410533454745,AUTHORITATIVE_DISCOVERY_SET_CLASSIFICATION,False
CmP3,Core,Major River,90.9090909090909,T2,Buffer-Enriched Structurally Developed Diverse State,Structurally Developed Diverse,LOW_CONFIDENCE,0.6984827586206896,0.726,-0.02751724137931033,0.0936939155654256,AUTHORITATIVE_DISCOVERY_SET_CLASSIFICATION,True
CmP4,Core,Major River,90.47619047619048,T1,Core–Upland Dense-Wood Conservative State,Dense-Wood Conservative,HIGH_CONFIDENCE,0.93624,0.61,0.32624,0.2097988684765999,AUTHORITATIVE_DISCOVERY_SET_CLASSIFICATION,False
CmP5,Core,Major River,84.61538461538461,T1,Core–Upland Dense-Wood Conservative State,Dense-Wood Conservative,HIGH_CONFIDENCE,0.93664,0.606,0.33064000000000004,0.3321062355332102,AUTHORITATIVE_DISCOVERY_SET_CLASSIFICATION,False
CmP6,Core,Major River,95.45454545454544,T1,Core–Upland Dense-Wood Conservative State,Dense-Wood Conservative,HIGH_CONFIDENCE,0.9366800000000001,0.608,0.3286800000000001,0.3495671434255653,AUTHORITATIVE_DISCOVERY_SET_CLASSIFICATION,False
CmP7,Core,Major River,90.0,T2,Buffer-Enriched Structurally Developed Diverse State,Structurally Developed Diverse,LOW_CONFIDENCE,0.6193793103448276,0.716,-0.09662068965517234,0.04851682118907403,AUTHORITATIVE_DISCOVERY_SET_CLASSIFICATION,True
CmP8,Core,Major River,79.16666666666667,T1,Core–Upland Dense-Wood Conservative State,Dense-Wood Conservative,MODERATE_CONFIDENCE,0.92332,0.633,0.29032,0.16490877497994386,AUTHORITATIVE_DISCOVERY_SET_CLASSIFICATION,False
CmP9,Core,Major River,80.0,T1,Core–Upland Dense-Wood Conservative State,Dense-Wood Conservative,MODERATE_CONFIDENCE,0.8735199999999999,0.693,0.1805199999999999,0.07204730486056604,AUTHORITATIVE_DISCOVERY_SET_CLASSIFICATION,False
CsP1,Core,Stream,75.0,T2,Buffer-Enriched Structurally Developed Diverse State,Structurally Developed Diverse,MODERATE_CONFIDENCE,0.7372758620689654,0.354,0.38327586206896547,0.2955441690545094,AUTHORITATIVE_DISCOVERY_SET_CLASSIFICATION,False
CsP10,Core,Stream,88.88888888888889,T2,Buffer-Enriched Structurally Developed Diverse State,Structurally Developed Diverse,MODERATE_CONFIDENCE,0.774103448275862,0.341,0.43310344827586195,0.351644832265848,AUTHORITATIVE_DISCOVERY_SET_CLASSIFICATION,False
CsP2,Core,Stream,76.47058823529412,T2,Buffer-Enriched Structurally Developed Diverse State,Structurally Developed Diverse,MODERATE_CONFIDENCE,0.7750689655172412,0.341,0.4340689655172412,0.3789139528739937,AUTHORITATIVE_DISCOVERY_SET_CLASSIFICATION,False
CsP3,Core,Stream,70.83333333333333,,,,,,,,,UNCLASSIFIED_BY_AUTHORITATIVE_TYPOLOGY,False
CsP4,Core,Stream,76.19047619047619,T2,Buffer-Enriched Structurally Developed Diverse State,Structurally Developed Diverse,HIGH_CONFIDENCE,0.8168275862068965,0.447,0.36982758620689654,0.39220732433770406,AUTHORITATIVE_DISCOVERY_SET_CLASSIFICATION,False
CsP5,Core,Stream,50.0,,,,,,,,,UNCLASSIFIED_BY_AUTHORITATIVE_TYPOLOGY,False
CsP6,Core,Stream,84.0,T2,Buffer-Enriched Structurally Developed Diverse State,Structurally Developed Diverse,MODERATE_CONFIDENCE,0.7510689655172414,0.338,0.4130689655172414,0.36687372049226813,AUTHORITATIVE_DISCOVERY_SET_CLASSIFICATION,False
CsP7,Core,Stream,78.94736842105263,T2,Buffer-Enriched Structurally Developed Diverse State,Structurally Developed Diverse,MODERATE_CONFIDENCE,0.7752068965517241,0.345,0.43020689655172417,0.3046028855297454,AUTHORITATIVE_DISCOVERY_SET_CLASSIFICATION,False
CsP8,Core,Stream,70.58823529411765,,,,,,,,,UNCLASSIFIED_BY_AUTHORITATIVE_TYPOLOGY,False
CsP9,Core,Stream,100.0,T2,Buffer-Enriched Structurally Developed Diverse State,Structurally Developed Diverse,LOW_CONFIDENCE,0.5153103448275862,0.533,-0.017689655172413832,0.06175021029713178,AUTHORITATIVE_DISCOVERY_SET_CLASSIFICATION,True
CuP1,Core,Upland,94.73684210526316,T1,Core–Upland Dense-Wood Conservative State,Dense-Wood Conservative,HIGH_CONFIDENCE,0.9351599999999999,0.604,0.3311599999999999,0.4140157957069649,AUTHORITATIVE_DISCOVERY_SET_CLASSIFICATION,False
CuP10,Core,Upland,100.0,T1,Core–Upland Dense-Wood Conservative State,Dense-Wood Conservative,HIGH_CONFIDENCE,0.9308799999999999,0.615,0.31587999999999994,0.19567065023836328,AUTHORITATIVE_DISCOVERY_SET_CLASSIFICATION,False
CuP2,Core,Upland,100.0,T1,Core–Upland Dense-Wood Conservative State,Dense-Wood Conservative,HIGH_CONFIDENCE,0.93664,0.606,0.33064000000000004,0.40623724179551535,AUTHORITATIVE_DISCOVERY_SET_CLASSIFICATION,False
CuP3,Core,Upland,100.0,T1,Core–Upland Dense-Wood Conservative State,Dense-Wood Conservative,HIGH_CONFIDENCE,0.93664,0.606,0.33064000000000004,0.3529141377422904,AUTHORITATIVE_DISCOVERY_SET_CLASSIFICATION,False
CuP4,Core,Upland,100.0,T1,Core–Upland Dense-Wood Conservative State,Dense-Wood Conservative,HIGH_CONFIDENCE,0.93664,0.606,0.33064000000000004,0.3670679321181585,AUTHORITATIVE_DISCOVERY_SET_CLASSIFICATION,False
CuP5,Core,Upland,100.0,T1,Core–Upland Dense-Wood Conservative State,Dense-Wood Conservative,HIGH_CONFIDENCE,0.9365600000000001,0.609,0.3275600000000001,0.29444329306864936,AUTHORITATIVE_DISCOVERY_SET_CLASSIFICATION,False
CuP6,Core,Upland,95.23809523809524,T1,Core–Upland Dense-Wood Conservative State,Dense-Wood Conservative,HIGH_CONFIDENCE,0.93664,0.606,0.33064000000000004,0.3920934014195933,AUTHORITATIVE_DISCOVERY_SET_CLASSIFICATION,False
CuP7,Core,Upland,100.0,T1,Core–Upland Dense-Wood Conservative State,Dense-Wood Conservative,HIGH_CONFIDENCE,0.93664,0.606,0.33064000000000004,0.374581201804861,AUTHORITATIVE_DISCOVERY_SET_CLASSIFICATION,False
CuP8,Core,Upland,100.0,T1,Core–Upland Dense-Wood Conservative State,Dense-Wood Conservative,HIGH_CONFIDENCE,0.93664,0.606,0.33064000000000004,0.3695760737317107,AUTHORITATIVE_DISCOVERY_SET_CLASSIFICATION,False
CuP9,Core,Upland,96.0,T1,Core–Upland Dense-Wood Conservative State,Dense-Wood Conservative,HIGH_CONFIDENCE,0.9366800000000001,0.608,0.3286800000000001,0.2856923478501064,AUTHORITATIVE_DISCOVERY_SET_CLASSIFICATION,False
TmP1,Transition,Major River,100.0,T2,Buffer-Enriched Structurally Developed Diverse State,Structurally Developed Diverse,MODERATE_CONFIDENCE,0.6863793103448275,0.314,0.37237931034482746,0.1608266309143479,AUTHORITATIVE_DISCOVERY_SET_CLASSIFICATION,False
TmP10,Transition,Major River,100.0,T2,Buffer-Enriched Structurally Developed Diverse State,Structurally Developed Diverse,MODERATE_CONFIDENCE,0.7729310344827586,0.347,0.4259310344827586,0.30771902478826574,AUTHORITATIVE_DISCOVERY_SET_CLASSIFICATION,False
TmP2,Transition,Major River,100.0,T3,Transition–Stream Functionally Diverse Light-Seeded State,Functionally Diverse Light-Seeded,HIGH_CONFIDENCE,0.86925,0.52,0.34924999999999995,0.1519825642539872,AUTHORITATIVE_DISCOVERY_SET_CLASSIFICATION,False
TmP3,Transition,Major River,100.0,T4,Transition–Upland Acquisitive Low-Richness Heavy-Seeded State,Acquisitive Low-Richness Heavy-Seeded,LOW_CONFIDENCE,0.5874166666666666,0.428,0.1594166666666666,-0.011290616100048239,AUTHORITATIVE_DISCOVERY_SET_CLASSIFICATION,True
TmP4,Transition,Major River,100.0,T1,Core–Upland Dense-Wood Conservative State,Dense-Wood Conservative,LOW_CONFIDENCE,0.42375999999999997,0.49,-0.06624000000000002,0.07529717026209233,AUTHORITATIVE_DISCOVERY_SET_CLASSIFICATION,True
TmP5,Transition,Major River,100.0,T4,Transition–Upland Acquisitive Low-Richness Heavy-Seeded State,Acquisitive Low-Richness Heavy-Seeded,HIGH_CONFIDENCE,0.8876666666666667,0.419,0.46866666666666673,0.36239091039513194,AUTHORITATIVE_DISCOVERY_SET_CLASSIFICATION,False
TmP6,Transition,Major River,100.0,T2,Buffer-Enriched Structurally Developed Diverse State,Structurally Developed Diverse,MODERATE_CONFIDENCE,0.8075172413793104,0.562,0.2455172413793103,0.20355402583275822,AUTHORITATIVE_DISCOVERY_SET_CLASSIFICATION,False
TmP7,Transition,Major River,100.0,T4,Transition–Upland Acquisitive Low-Richness Heavy-Seeded State,Acquisitive Low-Richness Heavy-Seeded,LOW_CONFIDENCE,0.5832499999999999,0.354,0.22924999999999995,-0.01960446694593805,AUTHORITATIVE_DISCOVERY_SET_CLASSIFICATION,True
TmP8,Transition,Major River,100.0,T3,Transition–Stream Functionally Diverse Light-Seeded State,Functionally Diverse Light-Seeded,MODERATE_CONFIDENCE,0.7656666666666667,0.384,0.3816666666666667,0.07932556421465041,AUTHORITATIVE_DISCOVERY_SET_CLASSIFICATION,False
TmP9,Transition,Major River,100.0,T2,Buffer-Enriched Structurally Developed Diverse State,Structurally Developed Diverse,MODERATE_CONFIDENCE,0.6803448275862066,0.326,0.3543448275862066,0.17130691740710907,AUTHORITATIVE_DISCOVERY_SET_CLASSIFICATION,False
TsP1,Transition,Stream,88.88888888888889,T3,Transition–Stream Functionally Diverse Light-Seeded State,Functionally Diverse Light-Seeded,HIGH_CONFIDENCE,0.8768333333333335,0.487,0.3898333333333335,0.3047047668588918,AUTHORITATIVE_DISCOVERY_SET_CLASSIFICATION,False
TsP10,Transition,Stream,100.0,T3,Transition–Stream Functionally Diverse Light-Seeded State,Functionally Diverse Light-Seeded,HIGH_CONFIDENCE,0.8625833333333334,0.547,0.3155833333333333,0.12211219668875707,AUTHORITATIVE_DISCOVERY_SET_CLASSIFICATION,False
TsP2,Transition,Stream,69.23076923076923,,,,,,,,,UNCLASSIFIED_BY_AUTHORITATIVE_TYPOLOGY,False
TsP3,Transition,Stream,100.0,T3,Transition–Stream Functionally Diverse Light-Seeded State,Functionally Diverse Light-Seeded,MODERATE_CONFIDENCE,0.8203333333333335,0.551,0.2693333333333334,0.04214741762779471,AUTHORITATIVE_DISCOVERY_SET_CLASSIFICATION,False
TsP4,Transition,Stream,100.0,T4,Transition–Upland Acquisitive Low-Richness Heavy-Seeded State,Acquisitive Low-Richness Heavy-Seeded,HIGH_CONFIDENCE,0.868,0.466,0.40199999999999997,0.3010475375535104,AUTHORITATIVE_DISCOVERY_SET_CLASSIFICATION,False
TsP5,Transition,Stream,100.0,T4,Transition–Upland Acquisitive Low-Richness Heavy-Seeded State,Acquisitive Low-Richness Heavy-Seeded,HIGH_CONFIDENCE,0.8685833333333334,0.462,0.40658333333333335,0.2544991341456299,AUTHORITATIVE_DISCOVERY_SET_CLASSIFICATION,False
TsP6,Transition,Stream,80.95238095238095,T3,Transition–Stream Functionally Diverse Light-Seeded State,Functionally Diverse Light-Seeded,HIGH_CONFIDENCE,0.8709166666666667,0.516,0.35491666666666666,0.12145261530686839,AUTHORITATIVE_DISCOVERY_SET_CLASSIFICATION,False
TsP7,Transition,Stream,100.0,T4,Transition–Upland Acquisitive Low-Richness Heavy-Seeded State,Acquisitive Low-Richness Heavy-Seeded,HIGH_CONFIDENCE,0.8189166666666666,0.49,0.32891666666666663,0.1190783600136842,AUTHORITATIVE_DISCOVERY_SET_CLASSIFICATION,False
TsP8,Transition,Stream,100.0,T4,Transition–Upland Acquisitive Low-Richness Heavy-Seeded State,Acquisitive Low-Richness Heavy-Seeded,HIGH_CONFIDENCE,0.8684166666666666,0.466,0.4024166666666666,0.33381239085336134,AUTHORITATIVE_DISCOVERY_SET_CLASSIFICATION,False
TsP9,Transition,Stream,86.66666666666667,T3,Transition–Stream Functionally Diverse Light-Seeded State,Functionally Diverse Light-Seeded,MODERATE_CONFIDENCE,0.7713333333333333,0.321,0.4503333333333333,0.20389748846217806,AUTHORITATIVE_DISCOVERY_SET_CLASSIFICATION,False
TuP1,Transition,Upland,100.0,T3,Transition–Stream Functionally Diverse Light-Seeded State,Functionally Diverse Light-Seeded,MODERATE_CONFIDENCE,0.751,0.314,0.437,0.13369166368130767,AUTHORITATIVE_DISCOVERY_SET_CLASSIFICATION,False
TuP10,Transition,Upland,100.0,T4,Transition–Upland Acquisitive Low-Richness Heavy-Seeded State,Acquisitive Low-Richness Heavy-Seeded,HIGH_CONFIDENCE,0.8875833333333333,0.381,0.5065833333333333,0.29289190461655173,AUTHORITATIVE_DISCOVERY_SET_CLASSIFICATION,False
TuP2,Transition,Upland,90.0,T3,Transition–Stream Functionally Diverse Light-Seeded State,Functionally Diverse Light-Seeded,MODERATE_CONFIDENCE,0.7239999999999999,0.428,0.2959999999999999,0.08033445413893314,AUTHORITATIVE_DISCOVERY_SET_CLASSIFICATION,False
TuP3,Transition,Upland,100.0,,,,,,,,,UNCLASSIFIED_BY_AUTHORITATIVE_TYPOLOGY,False
TuP4,Transition,Upland,100.0,T4,Transition–Upland Acquisitive Low-Richness Heavy-Seeded State,Acquisitive Low-Richness Heavy-Seeded,HIGH_CONFIDENCE,0.8891666666666665,0.383,0.5061666666666665,0.3061588187176527,AUTHORITATIVE_DISCOVERY_SET_CLASSIFICATION,False
TuP5,Transition,Upland,100.0,T4,Transition–Upland Acquisitive Low-Richness Heavy-Seeded State,Acquisitive Low-Richness Heavy-Seeded,HIGH_CONFIDENCE,0.8775000000000001,0.426,0.45150000000000007,0.1632349706770009,AUTHORITATIVE_DISCOVERY_SET_CLASSIFICATION,False
TuP6,Transition,Upland,87.5,T3,Transition–Stream Functionally Diverse Light-Seeded State,Functionally Diverse Light-Seeded,HIGH_CONFIDENCE,0.8595,0.466,0.3935,0.18774029424211114,AUTHORITATIVE_DISCOVERY_SET_CLASSIFICATION,False
TuP7,Transition,Upland,100.0,T4,Transition–Upland Acquisitive Low-Richness Heavy-Seeded State,Acquisitive Low-Richness Heavy-Seeded,HIGH_CONFIDENCE,0.8897500000000002,0.385,0.5047500000000001,0.2869482326471013,AUTHORITATIVE_DISCOVERY_SET_CLASSIFICATION,False
TuP8,Transition,Upland,100.0,T4,Transition–Upland Acquisitive Low-Richness Heavy-Seeded State,Acquisitive Low-Richness Heavy-Seeded,HIGH_CONFIDENCE,0.8846666666666666,0.375,0.5096666666666666,0.29951498011639,AUTHORITATIVE_DISCOVERY_SET_CLASSIFICATION,False
TuP9,Transition,Upland,100.0,T4,Transition–Upland Acquisitive Low-Richness Heavy-Seeded State,Acquisitive Low-Richness Heavy-Seeded,HIGH_CONFIDENCE,0.89175,0.392,0.49975,0.36320453523855717,AUTHORITATIVE_DISCOVERY_SET_CLASSIFICATION,False
