Plot_ID,Zone,Habitat,Richness,Pielou,CWM_WD,CWM_SLA,CWM_Log10_Seed_Mass,CWM_Max_Height_m,FDis,FEve,Estimated_Mean_DBH,Estimated_Mean_Height,Structural_Coverage_Percent,Use_Primary_Association,Use_Factorial_Structural,Z_Richness,Z_Pielou,Z_CWM_WD,Z_CWM_SLA,Z_CWM_Log10_Seed_Mass,Z_CWM_Max_Height_m,Z_FDis,Z_FEve,Z_Estimated_Mean_DBH,Z_Estimated_Mean_Height
CmP1,Core,Major River,12,0.923,0.6200000000000001,15.376254737931967,2.3716478540927537,25.19846108,1.549648755865329,0.7697257542664879,27.361904761904764,26.82952380952381,77.77777777777777,False,True,0.7395898075370808,0.34313548765447605,0.7790828712109068,0.32713582720612044,0.44036502855454235,0.031185399595552717,-0.270631451552211,0.03173819606103838,-0.160748042222773,-0.21284261113844952
CmP2,Core,Major River,15,0.867,0.6736363636363637,13.297145443271011,2.5964430827197376,28.267052380909085,1.3721195030879645,0.6958913847091963,26.48888888888889,26.692222222222224,81.81818181818181,False,True,1.6412814906987272,-0.6363532125001159,1.3413361187723485,-0.4496346207116719,1.0232987584569169,0.7119342122553369,-0.9053640692272749,-0.8329596690560966,-0.28782356781151885,-0.24317866675097424
CmP3,Core,Major River,12,0.94,0.6368181818181818,13.503277749936744,2.627693105159757,28.226097846818185,1.6260822291125805,0.7872191061513764,27.5825,27.922000000000004,90.9090909090909,True,True,0.7395898075370808,0.6404802716299752,0.9553826183276293,-0.3726220824145066,1.1043355858475978,0.7028486913366158,0.002646432476661345,0.23660842274955218,-0.12863836737059894,0.028534193900585852
CmP4,Core,Major River,10,0.944,0.6514285714285714,11.214256528610726,2.245973054844591,28.12766154571429,1.4629370108766342,0.7221127461888238,23.11842105263158,24.054736842105264,90.47619047619048,True,True,0.13846201876264996,0.7104437502124461,1.1085387692977549,-1.2278171623214014,0.11446807812581011,0.6810111807240928,-0.5806579515165281,-0.525872936578411,-0.7784262991144046,-0.8259170366483546
CmP5,Core,Major River,7,0.871,0.7284615384615385,10.338381713408015,2.34015951886746,25.393196780384617,1.2468049033003985,0.8150730876406163,22.08863636363636,22.224545454545453,84.61538461538461,False,True,-0.7632296643989964,-0.566389733917645,1.9160513027204193,-1.5550504031481514,0.3587102140221781,0.07438636180255152,-1.3534100262269122,0.5628152891882101,-0.9283209741622329,-1.230288091679391
CmP6,Core,Major River,13,0.865,0.6904545454545455,10.900978752891293,2.512535536275062,23.48750858909091,1.4337041640080512,0.7747690508937245,21.857142857142858,21.92142857142857,95.45454545454544,True,True,1.0401537019242963,-0.6713349517913514,1.517635865889072,-1.344860031973887,0.805711671245582,-0.34837928090087156,-0.6851761710477027,0.09080185236191676,-0.9620169926623556,-1.2972601551787812
CmP7,Core,Major River,16,0.938,0.6136666666666666,13.6672969376112,2.4021761023744457,25.86664642766667,1.610010364672139,0.804205026000928,24.66481481481481,25.582222222222224,90.0,True,True,1.9418453850859427,0.6054985323387398,0.712692515990373,-0.3113433135666307,0.5195301680769756,0.1794183630162576,-0.0548164161953455,0.4355359509322262,-0.5533344008219445,-0.4884272643213644
CmP8,Core,Major River,11,0.893,0.6404166666666667,12.69955534296875,2.3007868231407635,23.669227017500003,1.5797608250239128,0.7495100519613326,26.307894736842105,27.13684210526316,79.16666666666667,False,True,0.4390259131498654,-0.18159060171405536,0.9931044110665684,-0.672898655495722,0.2566098602181411,-0.3080661234135115,-0.16296968774920642,-0.20501434520021583,-0.3141689387386022,-0.14494226786115402
CmP9,Core,Major River,13,0.873,0.6306666666666667,12.80698807907898,2.3727907046165715,22.903203852,1.624104638859433,0.7193996588076528,28.11458333333333,28.80625,80.0,False,True,1.0401537019242963,-0.5314079946264096,0.8908982063191703,-0.6327609990657913,0.4433286418066522,-0.4780038274764566,-0.004424182751146947,-0.5576467687441271,-0.05118872260438605,0.22390452939753744
CmP10,Core,Major River,13,0.881,0.6696875,12.250228786484378,2.3163835951790874,22.1469700221875,1.3742064055878451,0.7430578264842743,24.54,26.2408,78.125,False,True,1.0401537019242963,-0.39148103746146795,1.299941414635144,-0.8407703452803811,0.29705504472792404,-0.6457698253744198,-0.8979026223622726,-0.2805784169017759,-0.5715023502076321,-0.3429180063114332
CsP1,Core,Stream,11,0.97,0.53,12.355166573579424,1.9806053248699595,22.1852393715,1.8290436910347256,0.8475254609168981,39.57666666666667,38.87555555555556,75.0,False,True,0.4390259131498654,1.1652063609985066,-0.16435901876507306,-0.8015648200611725,-0.5736773134586676,-0.6372799968012797,0.7283085867277087,0.9428753893589171,1.6172233978919093,2.4486640483234297
CsP2,Core,Stream,10,0.934,0.6011764705882352,15.43824191382353,2.2527148354894457,23.327524133176468,1.585489648486885,0.780933513028226,35.815384615384616,35.47692307692308,76.47058823529412,False,True,0.13846201876264996,0.5355350537562709,0.5817616916080856,0.35029468975658595,0.13195070603340767,-0.3838708852652306,-0.14248702894248658,0.16299583572304993,1.069734047093482,1.697754274411903
CsP3,Core,Stream,12,0.894,0.6058333333333333,11.750274902055624,2.1637858019327685,24.020208484666668,1.748173020862429,0.7043608972078369,40.43529411764706,38.42352941176471,70.83333333333333,False,False,0.7395898075370808,-0.16409973206843764,0.6305781292702424,-1.0275567752882813,-0.09865798412624006,-0.23020296289144643,0.43916608559877135,-0.7337705052551557,1.7422045557273689,2.3487912755037392
CsP4,Core,Stream,13,0.946,0.5895238095238097,14.71670303787216,2.1573678344657297,23.29965977990476,1.703158438505631,0.7724094041281778,31.8375,32.284375,76.19047619047619,False,True,1.0401537019242963,0.7454254895036815,0.4596104851872953,0.0807224853024456,-0.11530090727369315,-0.3900524270689981,0.2782223355075571,0.06316727604152803,0.4907161920284397,0.9923777532034054
CsP5,Core,Stream,5,0.97,0.4599999999999999,17.267074181434733,1.4018732989339722,25.36027798,1.9907648308977288,0.9694333572848978,36.766666666666666,35.9,50.0,False,False,-1.3643574531734273,1.1652063609985066,-0.898147155413058,1.033559808779837,-2.074431669115515,0.06708352083139514,1.3065213648064282,2.37057766896645,1.2082019379832605,1.791230870852453
CsP6,Core,Stream,15,0.961,0.5632,14.60966942201894,2.284975548956336,23.32874908464,1.748561221878778,0.8545477254403343,40.33809523809524,38.96666666666666,84.0,False,True,1.6412814906987272,1.0077885341879473,0.1836662117593993,0.04073394312139362,0.21560843375934563,-0.3835991370353124,0.4405540475455289,1.025115370252794,1.7280563608463122,2.4687945638397166
CsP7,Core,Stream,9,0.923,0.6247368421052633,14.167188328053996,2.3143805726454763,24.270524517263155,1.4797042507397251,0.7562929405884304,36.73333333333333,35.78666666666666,78.94736842105263,False,True,-0.1621018756245655,0.34313548765447605,0.828737707525432,-0.12458023176923066,0.29186085353566354,-0.17467183304392195,-0.5207088789947607,-0.12557777182190907,1.2033499633698712,1.7661904735029228
CsP8,Core,Stream,7,0.906,0.618235294117647,10.055012889035217,1.9721736957514315,20.57668861141176,1.6478177671947116,0.6844649729769638,33.95,32.791666666666664,70.58823529411765,False,False,-0.7632296643989964,0.04579070367897492,0.7605840106231407,-1.6609190696964826,-0.5955420169100601,-0.9941274595796098,0.0803590052927522,-0.9667780234356804,0.798210083151935,1.1044611494278613
CsP9,Core,Stream,6,0.951,0.4708333333333334,14.4402455437028,1.6823481823161013,32.76639843916667,1.6651187370902774,0.8373609114562419,46.635,43.75333333333333,100.0,True,True,-1.063793558786212,0.8328798377317701,-0.7845847056937257,-0.022564057703069226,-1.3471107606046833,1.7100874971183055,0.14221635971930163,0.8238351067478915,2.644629022276918,3.5263831107198387
CsP10,Core,Stream,10,0.962,0.615,15.144493302263127,2.525849451418161,25.574250183,1.580018149829522,0.7351237179262486,35.85,36.484375,88.88888888888889,False,True,0.13846201876264996,1.0252794038335649,0.7266694328789067,0.24054805875313362,0.840237004640665,0.11455198725483057,-0.16204965657179862,-0.3734972942873127,1.0747726361150778,1.920345419685964
CuP1,Core,Upland,8,0.791,0.69,9.959098939206354,2.059142228254354,27.532171741684213,1.5257145471226057,0.7048680075942797,22.14444444444445,22.55,94.73684210526316,True,True,-0.46266577001178094,-1.9656593055670601,1.512871007858889,-1.6967532232743874,-0.3700172522354997,0.5489052932687035,-0.35620508366962805,-0.727831573682163,-0.9201975924231496,-1.1583806404671055
CuP2,Core,Upland,10,0.838,0.6658260739031261,12.283038708262067,2.0646057532462634,23.903072420600004,1.6637583632724262,0.740965867482842,22.78,23.8155,100.0,True,True,0.13846201876264996,-1.1435884322230296,1.2594632909147299,-0.8285123183931705,-0.3558493669943349,-0.2561889052062142,0.13735252110728347,-0.3050780163877238,-0.8276866097945432,-0.8787751447686112
CuP3,Core,Upland,7,0.844,0.6322222222222221,11.601087468630718,2.0595425295658525,29.604312904,1.7126218268341509,0.7453182491652542,23.183333333333334,24.3,100.0,True,True,-0.7632296643989964,-1.0386432143493234,0.9072046093557907,-1.0832942922061053,-0.3689792002358117,1.0085975421165831,0.3120574424088964,-0.2541058855017612,-0.7689777169725428,-0.7717274460993732
CuP4,Core,Upland,10,0.831,0.6173076923076923,13.206751433861257,2.118398201717434,27.793747959461538,1.8046892903272356,0.7268947005519822,21.307692307692307,22.46153846153846,100.0,True,True,0.13846201876264996,-1.2660245197423536,0.7508602505705989,-0.4834064841527183,-0.21635604758801444,0.6069344285332132,0.6412326132127477,-0.46986994293596984,-1.0419945961797483,-1.1779257469955848
CuP5,Core,Upland,13,0.873,0.6655172413793102,12.467382827338394,2.190893398673336,30.581091507793104,1.652878151064698,0.7638610951771807,22.26206896551724,23.158620689655173,100.0,True,True,1.0401537019242963,-0.5314079946264096,1.2562258960263422,-0.7596400064307155,-0.0283631981862341,1.2252900923974386,0.09845174578473842,-0.03694469815977302,-0.9030762567184347,-1.02390913543084
CuP6,Core,Upland,12,0.82,0.6885714285714285,9.77391059520689,2.149636157607469,24.781626246666665,1.595432956136453,0.8151852102725584,22.145,23.3505,95.23809523809524,True,True,0.7395898075370808,-1.4584240858441484,1.4978957397640318,-1.7659409438463716,-0.13535051089256983,-0.06128694032890793,-0.10693603329517345,0.564128393113293,-0.920116726179594,-0.9815144221291802
CuP7,Core,Upland,10,0.853,0.6502608591225009,12.277401086536704,2.209144160424087,27.1642038524,1.785621373419769,0.796234603853356,21.196,22.148000000000003,100.0,True,True,0.13846201876264996,-0.8812253875387639,1.0962980059090064,-0.8306185751272666,0.01896425038065157,0.467273795567154,0.5730577709096316,0.3421917935105252,-1.0582524434227636,-1.2472004028304355
CuP8,Core,Upland,11,0.82,0.6104166666666666,10.004522421318043,2.376390841879881,24.566744004583335,1.7460953380476807,0.7978924330681779,23.666666666666668,24.05458333333333,100.0,True,True,0.4390259131498654,-1.4584240858441484,0.678623781074574,-1.679782677937262,0.4526644335664676,-0.10895729353513751,0.431737602511775,0.3616071605188804,-0.6986240850784098,-0.8259509535952299
CuP9,Core,Upland,14,0.876,0.6696,12.947918987766622,2.01343068912421,23.348121628720005,1.669960070235498,0.7765074705500125,20.791666666666668,21.738333333333333,96.0,True,True,1.3407175963115117,-0.4789353856895565,1.2990241794643338,-0.5801081802130852,-0.4885553465156491,-0.3793014528253765,0.15952591300265068,0.11116103974962042,-1.1171068954831658,-1.337714074426235
CuP10,Core,Upland,13,0.889,0.6372400642635879,13.084687646165843,2.1624199916747195,26.42574409191304,1.7907681573185472,0.8247789215583404,22.78695652173913,23.544347826086955,100.0,True,True,1.0401537019242963,-0.2515540802965262,0.9598050802347582,-0.5290104085285028,-0.10219977134710914,0.30345086971854107,0.5914594234011014,0.6764834076831523,-0.8266740237882713,-0.9386847757418876
BmP1,Buffer,Major River,10,0.893,0.54,10.493065249566962,2.3493239389796328,21.626548692380958,1.6922096019465238,0.7247879056998263,27.904761904761905,26.45714285714286,100.0,True,True,0.13846201876264996,-0.18159060171405536,-0.0595321421010753,-1.49725950202706,0.3824751739415273,-0.7612222162626014,0.23907620279457864,-0.4945432898044011,-0.08173016994758954,-0.29511820242975983
BmP2,Buffer,Major River,10,0.934,0.6011764705882352,15.43824191382353,2.252714835489446,23.327524133176468,1.585489648486885,0.780933513028226,28.338461538461537,27.85384615384616,76.47058823529412,False,True,0.13846201876264996,0.5355350537562709,0.5817616916080856,0.35029468975658595,0.13195070603340883,-0.3838708852652306,-0.14248702894248658,0.16299583572304993,-0.01860118157119467,0.013475964001253877
BmP3,Buffer,Major River,11,0.891,0.6069565217391304,11.672870203691277,2.1683110986472798,22.679145064434785,1.6852035581350082,0.7104401580565961,32.233333333333334,29.88888888888889,78.26086956521739,False,True,0.4390259131498654,-0.2165723410052908,0.6423521625187344,-1.0564757370637952,-0.08692309051298489,-0.5277099429685472,0.21402700972662653,-0.6625743413421785,0.5483333905624282,0.4631078349607501
BmP4,Buffer,Major River,11,0.948,0.5711111111111111,14.105906555573078,2.1971305805554837,24.99491993722222,1.7597126021974243,0.81335350504935,29.85,29.8625,88.88888888888889,False,True,0.4390259131498654,0.780407228794917,0.2665959186313617,-0.14747555044316363,-0.01218908398974007,-0.013968997874172355,0.4804243489725342,0.5426767086805679,0.2014172057051523,0.4572773502837764
BmP5,Buffer,Major River,5,0.97,0.4599999999999999,17.267074181434733,1.4018732989339722,25.36027798,1.9907648308977288,0.9694333572848978,31.64,29.160000000000004,83.33333333333333,False,True,-1.3643574531734273,1.1652063609985066,-0.898147155413058,1.033559808779837,-2.074431669115515,0.06708352083139514,1.3065213648064282,2.37057766896645,0.4619682424441133,0.3020637108304445
BmP6,Buffer,Major River,14,0.922,0.555,13.194251344572068,2.006781958849116,23.497361270214288,1.7885764164145614,0.7766598784129466,29.863636363636363,28.33636363636364,78.57142857142857,False,True,1.3407175963115117,0.32564461800885836,0.09770817289492136,-0.48807660898988275,-0.5057966783804232,-0.34619352192597413,0.5836231405379214,0.11294593687133217,0.20340210441062917,0.12008563597477392
BmP7,Buffer,Major River,10,0.958,0.5614285714285715,15.261318085573274,1.941816130666414,20.196206499142857,1.8275097408946472,0.7587589704179671,31.83636363636364,30.281818181818185,78.57142857142857,False,True,0.13846201876264996,0.9553159252510941,0.16509687932177722,0.28419465275026157,-0.6742645447584079,-1.0785351635604592,0.7228241486840471,-0.09669730948842971,0.49055078380298395,0.549923472830331
BmP8,Buffer,Major River,8,0.924,0.636470588235294,12.835224762974375,2.3587842585916303,21.100448958235297,1.5753154471664896,0.7141159994520714,27.135714285714283,26.821428571428573,82.3529411764706,False,True,-0.46266577001178094,0.3606263573000938,0.9517389033633713,-0.6222115673194838,0.4070074535240324,-0.8779343275346972,-0.1788635547027023,-0.6195253896651371,-0.193672155670767,-0.2146312109491299
BmP9,Buffer,Major River,14,0.973,0.5781250000000001,14.35028809565496,2.2388092701841877,25.544227017,1.6469926742285126,0.7665014055607058,30.430769230769236,28.66923076923077,81.25,False,True,1.3407175963115117,1.2176789699353598,0.3401203251804166,-0.0561728186244407,0.09589111927391332,0.10789152562843793,0.07740899333659546,-0.006023180639274697,0.28595353262303674,0.1936308589594047
BmP10,Buffer,Major River,10,0.906,0.5690000000000001,13.731046766786818,1.8540611008154648,18.8257742008,1.6260271514830502,0.6419207491967623,28.571428571428573,27.642857142857142,70.0,False,False,0.13846201876264996,0.04579070367897492,0.24446580022451822,-0.2875259108497124,-0.9018288359631519,-1.3825574553694517,0.0024495096179202487,-1.465027005534192,0.015309322320180122,-0.03314093604182736
BsP1,Buffer,Stream,7,0.768,0.5485185185185185,12.926785118750628,1.8531747457943168,21.269943194000003,1.4615722971983691,0.42640420655001,29.06296296296296,29.17407407407407,100.0,True,True,-0.7632296643989964,-2.367949307416268,0.029764826908996397,-0.5880039483403047,-0.9041273110760416,-0.8403330348127508,-0.585537306731685,-3.989010015634518,0.08685669400014599,0.3051733026581622
BsP2,Buffer,Stream,7,0.77,0.5675000000000001,11.880617518478736,1.496132097017028,19.9259936604,1.2376536979554675,0.6817208475770298,29.06,28.855,100.0,True,True,-0.7632296643989964,-2.3329675681250324,0.22874176872491914,-0.9788598199133266,-1.8300019582258469,-1.138480282053474,-1.386128963712412,-0.9989153517444905,0.08642540736784507,0.2346755826692104
BsP3,Buffer,Stream,8,0.878,0.541111111111111,12.414858938674309,2.7474583171693,30.47159690055556,1.670383487840285,0.7693542619485259,28.427777777777777,29.77777777777778,100.0,True,True,-0.46266577001178094,-0.4439536463983211,-0.047884711360632784,-0.7792633156183352,1.4149079328484322,1.2009993620393342,0.16103978725408585,0.02738753096867966,-0.005600377799422903,0.43855842579454496
BsP4,Buffer,Stream,13,0.845,0.5199033743906257,14.565950450277777,2.2388629136331826,22.52169870388889,1.3718923212641478,0.6903569542590597,34.56666666666667,34.044444444444444,100.0,True,True,1.0401537019242963,-1.0211523447037056,-0.2701987915127171,0.02440021533272254,0.09603022621136205,-0.5626384859020648,-0.9061763281168009,-0.8977751502956158,0.8879716134996217,1.3812557377768258
BsP5,Buffer,Stream,12,0.961,0.47,16.55329870242334,1.5042409010164042,27.4457362834,1.8642543387857864,0.8960697993611846,33.21315789473684,30.489473684210523,95.0,True,True,0.7395898075370808,1.0077885341879473,-0.7933202787490596,0.7668880662369183,-1.8089743973239771,0.5297300985853153,0.8541996512560612,1.5113936291432615,0.6909559074875571,0.5958038518749218
BsP6,Buffer,Stream,8,0.849,0.531,11.906946770797154,1.7602390769296083,22.0661667889,1.3482727092943954,0.8804636071436512,26.945,27.385,100.0,True,True,-0.46266577001178094,-0.9511888661212348,-0.1538763310986733,-0.9690230185632308,-1.145125914218873,-0.6636955442876038,-0.9906251606302323,1.3286245315804037,-0.22143238185165343,-0.09011310059968462
BsP7,Buffer,Stream,11,0.944,0.5061111111111112,13.090560732007642,2.602816771398309,28.261280040000003,1.7537725052501962,0.76191860081743,32.023529411764706,32.15294117647059,94.44444444444444,True,True,0.4390259131498654,0.7104437502124461,-0.4147787796846226,-0.526816180677322,1.0398268588856028,0.7106536525995231,0.45918630946314654,-0.059693869527386055,0.5177944915252183,0.9633381487944855
BsP8,Buffer,Stream,16,0.973,0.5526315789473684,15.741444597960523,1.9513772211414817,28.302088835684213,1.8390226503426368,0.8358519801121154,30.75555555555556,30.58333333333333,94.73684210526316,True,True,1.9418453850859427,1.2176789699353598,0.07288075473765762,0.4635734314618773,-0.6494709485303769,0.7197068423155571,0.7639870502152257,0.806163530221974,0.3332291827022063,0.6165416422495317
BsP9,Buffer,Stream,13,0.899,0.5617391304347826,14.913932696776266,1.7094954545951884,23.10185522069565,1.5589992381964568,0.7587968252820148,30.00454545454545,29.768181818181816,95.65217391304348,True,True,1.0401537019242963,-0.07664538384034908,0.168352372385876,0.15440892924410435,-1.2767130889860252,-0.43393419743718037,-0.2372000252733866,-0.09625397909470469,0.22391272436722534,0.436438249548372
BsP10,Buffer,Stream,14,0.969,0.4529166666666667,14.63175004415631,1.716171590034348,27.048230106166667,1.7638322969338716,0.8041230868903609,30.26875,29.90833333333333,100.0,True,True,1.3407175963115117,1.1477154913528889,-0.9723995263833884,0.048983425143331615,-1.2594006906906836,0.44154570658226383,0.49515377853514625,0.4345763358586258,0.2623701367858449,0.46740398156483554
BuP1,Buffer,Upland,7,1.0,0.4742857142857143,16.299374171428575,1.857808459358576,25.62509144071428,1.7323527466091853,0.8847929762892732,26.208571428571428,31.071428571428573,100.0,True,True,-0.7632296643989964,1.689932450367038,-0.7483944744644887,0.6720200031751906,-0.8921112734234143,0.12583081927552742,0.38260276472628457,1.3793271553038784,-0.3286263638460146,0.7243836896582203
BuP2,Buffer,Upland,10,0.945,0.6646666666666667,13.829592405120328,2.060182970210439,24.404066812666667,1.3121914361187996,0.8327168418268337,28.3625,29.191666666666663,80.0,False,True,0.13846201876264996,0.7279346198580638,1.2473095869767628,-0.2507085391871283,-0.36731842453336433,-0.1450462654393763,-1.1196290324626441,0.7694469252264304,-0.015102161417308472,0.3090602924428113
BuP3,Buffer,Upland,9,0.843,0.6822727272727273,11.341397727922017,1.949926369933223,20.33367693,1.4108311948002903,0.8242128988695961,25.452631578947365,26.389473684210525,86.36363636363636,False,True,-0.1621018756245655,-1.0561340839949411,1.4318684213458002,-1.1803162798081799,-0.6532332619545956,-1.0480381623618622,-0.7669554800467114,0.6698545353368494,-0.4386603926347543,-0.3100693463580509
BuP4,Buffer,Upland,11,0.838,0.6058823529411765,12.341068007622953,2.2662072373548163,25.218386820117647,1.6325721932941426,0.7250472158938284,26.33846153846154,29.25897435897436,76.47058823529412,False,True,0.4390259131498654,-1.1435884322230296,0.6310919865087921,-0.8068321474792786,0.16693888702266432,0.03560580707126851,0.025850450344896074,-0.49150642536713257,-0.30971965837450266,0.3239315691492636
BuP5,Buffer,Upland,11,0.806,0.5626666666666666,14.605048418415596,2.1519612836038484,26.151768024,1.52170317522943,0.6203294212967464,20.78210526315789,22.910526315789472,63.333333333333336,False,False,0.4390259131498654,-1.7032962608827946,0.17807544500398553,0.03900750235754513,-0.12932104853324394,0.24267090111413805,-0.37054721907768146,-1.7178899371489993,-1.118498646095954,-1.0787242680936033
BuP6,Buffer,Upland,12,0.935,0.6005555555555556,14.32755163822413,2.038546861009265,20.697828306555557,1.667081330417253,0.7427885480053447,28.635714285714283,30.042857142857144,77.77777777777777,False,True,0.7395898075370808,0.5530259234018886,0.5752528332531331,-0.06466732551157887,-0.42342467694027774,-0.967253335413685,0.14923335539958565,-0.2837320231050738,0.024666701931714358,0.4971263019482062
BuP7,Buffer,Upland,13,0.977,0.5858823529411764,13.982359906494898,2.10380393891416,28.007963192941176,1.752807867226157,0.843365143118902,27.844117647058823,29.18235294117647,100.0,True,True,1.0401537019242963,1.2876424485178306,0.4214382331807954,-0.19363348268349365,-0.25420154859375416,0.654456809829706,0.45573737240895157,0.8941525799179206,-0.0905575019122838,0.30700247432152755
BuP8,Buffer,Upland,14,0.915,0.6592,14.480674650072196,2.150386762931283,24.4110034814,1.4082109927912507,0.7350509401487123,28.84526315789473,31.142105263157895,76.0,False,True,1.3407175963115117,0.20320853048953436,1.1900042277337766,-0.007459447693332686,-0.13340405872021674,-0.14350740654909883,-0.7763236695367041,-0.37434961806607553,0.05516847617422605,0.7399993288722122
BuP9,Buffer,Upland,13,0.969,0.5619999999999999,12.397619236786817,2.2107211354462164,28.3896057056,1.8201912166460104,0.8078469336338872,25.28944444444444,28.23333333333333,90.0,True,True,1.0401537019242963,1.1477154913528889,0.17108698655971863,-0.7857041944078748,0.02305362512951736,0.7391219417669647,0.696657722694065,0.4781874934869436,-0.4624137876499481,0.09732163838429143
BuP10,Buffer,Upland,16,0.892,0.61375,13.785111285515796,2.184105248529403,24.102605075416665,1.5469708070808017,0.8110248032782377,26.973529411764705,27.83529411764706,70.83333333333333,False,False,1.9418453850859427,-0.19908147135967308,0.7135660732959074,-0.2673270109951395,-0.045966070394462356,-0.21192376705860363,-0.28020610708311877,0.5154045390656726,-0.2172796624031358,0.009376990253592203
TmP1,Transition,Major River,6,0.936,0.5588888888888889,19.12077266090363,2.9177814188008777,26.071337613333338,1.4718575945763408,0.8502705880277295,49.36666666666666,29.45555555555556,100.0,True,True,-1.063793558786212,0.5705167930475064,0.1384741804864754,1.7261151265301682,1.8565858168901337,0.22482789069210898,-0.548763571551976,0.9750244490237283,3.042248341844103,0.36736513921255043
TmP2,Transition,Major River,7,0.921,0.4175,16.0992270452098,1.3798571871854517,22.68814516666667,2.1676288473661294,0.8049704513644579,40.825,24.925,100.0,True,True,-0.7632296643989964,0.3081537483632406,-1.3436613812350473,0.5972435720940299,-2.131523335241617,-0.5257133235730753,1.9388755170897032,0.44450009163958615,1.798929847163308,-0.6336370195394687
TmP3,Transition,Major River,10,0.905,0.5196774193548387,20.08505417350689,1.9949130445923131,21.631212842258066,1.701411063049406,0.6536586429406628,29.48709677419355,24.71935483870968,100.0,True,True,0.13846201876264996,0.02829983403335721,-0.2725674075795228,2.0863777564876886,-0.5365748692693866,-0.7601875022262395,0.2719748231678196,-1.3275607859107303,0.14859328854326162,-0.6790732244075658
TmP4,Transition,Major River,5,0.81,0.4611111111111111,13.847719242169044,2.485763280838047,41.24330894777778,1.0027869076632236,0.7253568025645437,23.17222222222222,24.05555555555556,100.0,True,True,-1.3643574531734273,-1.6333327823003236,-0.8864997246726132,-0.24393622020908273,0.7362864845317886,3.590639906313586,-2.225864445470403,-0.487880757066023,-0.7705950418436726,-0.8257361462650237
TmP5,Transition,Major River,4,0.875,0.4525,21.52819481355348,3.104002577047117,24.62118995375,1.297295647135223,0.7333428999438704,21.2125,20.637500000000003,100.0,True,True,-1.6649213475606428,-0.4964262553351742,-0.9767673129110551,2.6255456608667416,2.3394901695592543,-0.0968787820571304,-1.1728869772011263,-0.39435302200270744,-1.0558507159891366,-1.5809373457404128
TmP6,Transition,Major River,14,0.956,0.5377777777777778,15.68767452787966,2.330184917643674,29.678493185055554,1.4951097983940702,0.7025248556315132,28.46944444444445,27.98888888888889,100.0,True,True,1.3407175963115117,0.9203341859598587,-0.08282700358196382,0.44348453977708746,0.3328443113907714,1.0250539982879794,-0.4656283588191743,-0.7552729741031015,0.00046459046731337964,0.043312938218640885
TmP7,Transition,Major River,9,0.985,0.5389999999999999,19.03031606201734,2.855053310580858,21.2696171651,1.7859883176606266,0.755327155532082,26.635,25.25,100.0,True,True,-0.1621018756245655,1.4275694056827724,-0.07001482976747624,1.6923198792026437,1.693920753588935,-0.8404053623939778,0.5743697320365813,-0.13688838883393023,-0.26655574575616603,-0.5618299977283185
TmP8,Transition,Major River,7,0.935,0.4641666666666666,15.879948810334218,2.2501527052475296,35.05242623666666,1.3943505685635922,0.8415366209001289,22.84166666666667,22.725,100.0,True,True,-0.7632296643989964,0.5530259234018886,-0.8544692901363918,0.5153196188125333,0.1253066498070446,2.217229229676286,-0.8258798030441297,0.8727381726659504,-0.8187104567597744,-1.1197153210303323
TmP9,Transition,Major River,9,0.973,0.553076923076923,15.169469782262976,2.4758827057602915,25.12006452392308,1.6330604151148294,0.9328925339061472,60.93076923076923,29.084615384615383,100.0,True,True,-0.1621018756245655,1.2176789699353598,0.07754915815184378,0.249879454465092,0.7106644083034096,0.013793587772919445,0.02759602359213558,1.9426364248726622,4.72551030387349,0.2854078809192178
TmP10,Transition,Major River,10,0.96,0.5299999999999999,14.005026947756502,2.3506409588723045,23.596172964666664,1.4665960823323403,0.8460223445595917,39.77,28.186666666666667,100.0,True,True,0.13846201876264996,0.9902976645423295,-0.16435901876507422,-0.18516491018518325,0.3858904391278926,-0.32427273252158895,-0.5675754202322159,0.9252719139994243,1.6453648506495626,0.08701088653448598
TsP1,Transition,Stream,7,0.886,0.42,16.76091873229167,1.3221971321881052,29.378471376000007,2.0714197313272518,0.8033516727161705,26.86875,27.475,88.88888888888889,False,True,-0.7632296643989964,-0.30402668923337933,-1.317454662069048,0.8444564288100977,-2.2810460414452867,0.9584959362136661,1.5948924094486,0.4255420582783723,-0.2325312737797798,-0.07022807917505841
TsP2,Transition,Stream,7,0.914,0.4023076923076922,13.640990887702715,2.070986544481538,29.746740945384616,1.9856472167908747,0.8256685572649909,28.022222222222226,28.14444444444445,69.23076923076923,False,False,-0.7632296643989964,0.18571766084391664,-1.5029175977053524,-0.32117144632657463,-0.3393028483817038,1.040194359859406,1.288224005089785,0.6869022153588339,-0.06463273559564875,0.07768211105132888
TsP3,Transition,Stream,7,0.921,0.4716666666666667,14.408525244381734,1.8725554847271952,35.98837681716667,1.7986008371256086,0.8054622874677466,33.641666666666666,34.225,100.0,True,True,-0.7632296643989964,0.3081537483632406,-0.775849132638393,-0.03441499366636048,-0.8538696321056668,2.4248643247099118,0.6194641453247695,0.4502601412079826,0.753329317978091,1.4211485276719096
TsP4,Transition,Stream,4,0.793,0.373076923076923,19.012334970770784,2.338729322104515,24.01412413307693,1.039274247121184,0.6536842703753618,25.01538461538462,25.973076923076924,100.0,True,True,-1.6649213475606428,-1.9306775662758249,-1.8093346218001147,1.6856020119228878,0.3550014612225299,-0.23155274026951952,-2.095408736769855,-1.327260654844324,-0.5023057276443834,-0.4020699965390135
TsP5,Transition,Stream,3,0.761,0.3566666666666667,19.43329723333501,2.641398468480353,22.96726408083333,0.9417009797196452,0.8311202849484767,24.05,25.2375,100.0,True,True,-1.9654852419478581,-2.4903853949355916,-1.9813582142743662,1.8428765939221115,1.139876013502311,-0.46379244497527944,-2.4442691891402393,0.750749138104646,-0.6428263770244423,-0.5645918062595165
TsP6,Transition,Stream,10,0.898,0.4085714285714286,14.186070633511733,1.8359262242725136,27.00750107457143,1.967378855447456,0.7889829574255341,26.34117647058824,26.829411764705885,80.95238095238095,False,True,0.13846201876264996,-0.09413625348596678,-1.4372568068279021,-0.1175256642648712,-0.9488557737192171,0.4325102120571289,1.2229078691024176,0.25726544793028333,-0.30932447492182796,-0.21286736684517127
TsP7,Transition,Stream,7,0.888,0.3945454545454545,17.09377389574231,2.2781227855781108,28.358493492636363,1.3625709657138958,0.6428156155285367,27.568181818181817,28.38636363636364,100.0,True,True,-0.7632296643989964,-0.26904494994214395,-1.5842867117592243,0.9688135537910934,0.19783800802297036,0.7322198815193388,-0.9395036154011749,-1.4545469403384017,-0.13072251101135007,0.13113287009956642
TsP8,Transition,Stream,4,0.844,0.3642307692307692,18.55092468211849,2.4763326738079297,24.464577118846154,1.060409863605516,0.5818535306507242,25.16538461538461,26.246153846153845,100.0,True,True,-1.6649213475606428,-1.0386432143493234,-1.902066089618266,1.5132157513685742,0.7118312549217685,-0.13162241226180815,-2.0198411051407152,-2.1684933715601233,-0.48047184188413655,-0.3417351024728403
TsP9,Transition,Stream,7,0.821,0.3686666666666666,18.77298264767117,1.5270858202320168,31.69900024433333,1.79619465045184,0.7469723455373086,24.315384615384616,24.04230769230769,86.66666666666667,False,True,-0.7632296643989964,-1.4409332161985307,-1.85556596227757,1.5961782323737856,-1.7497334870563783,1.4732915270740945,0.610861139667041,-0.2347342350063427,-0.6041971945255419,-0.8286631912040726
TsP10,Transition,Stream,8,0.926,0.3947058823529412,15.12998959602362,1.919596196562868,33.17777586458823,1.5791042214997209,0.8344909759474685,30.147058823529413,30.65882352941177,100.0,True,True,-0.46266577001178094,0.3956080965913292,-1.582604997160336,0.23512936796036926,-0.731884758249052,1.8013491434078581,-0.1653172877484453,0.7902243761038836,0.24465686181858487,0.6332207996536321
TuP1,Transition,Upland,5,0.963,0.4285714285714285,23.138102740162505,2.542324117783896,25.885846657142856,2.924414402508278,0.8368043234288152,21.942857142857147,23.285714285714285,100.0,True,True,-1.3643574531734273,1.0427702734791826,-1.2276030534999076,3.227019043949483,0.882958724190198,0.1836778202515165,4.644663261470383,0.8173167267312216,-0.949540486513642,-0.9958284812023042
TuP2,Transition,Upland,5,0.935,0.422,14.732409474040589,2.1782195402115723,22.915288954,1.959219209608106,0.740609470032363,25.477777777777774,25.88888888888889,90.0,True,True,-1.3643574531734273,0.5530259234018886,-1.2964892867362483,0.0865905247985282,-0.061228751563392934,-0.4753228191470204,1.1937341229063063,-0.3092519006696672,-0.43500013108430335,-0.4206708950226384
TuP4,Transition,Upland,6,0.884,0.3975,16.01052149172304,2.56873566013062,12.861354954166666,1.6212802726868671,0.6211304822764273,23.59166666666667,24.075000000000003,100.0,True,True,-1.063793558786212,-0.33900842852461477,-1.5533151345630423,0.5641025281423488,0.9514485181537439,-2.705728553178383,-0.014522334497629963,-1.7085084563682735,-0.7095410279585338,-0.8214399996609383
TuP5,Transition,Upland,3,0.937,0.4609999999999999,14.027696440190926,3.541148496372573,21.315288953,0.8766009122519117,0.8473649978786075,23.01,23.51,100.0,True,True,-1.9654852419478581,0.5880076626931241,-0.8876644677466582,-0.1766954219107689,3.4730867446308737,-0.8302733466459822,-2.6770259635206153,0.9409961555079072,-0.7942079849621627,-0.9462737452710922
TuP6,Transition,Upland,8,1.0,0.465,15.374096912973808,2.2948892355123345,33.84116678875,2.0604414160492137,0.9002868663845721,19.585714285714285,22.085714285714285,87.5,False,True,-0.46266577001178094,1.689932450367038,-0.8457337170810579,0.3263296480102592,0.24131637389877186,1.9485184923591556,1.5556408794326988,1.5607810468735583,-1.2926444056032562,-1.2609621001973206
TuP7,Transition,Upland,5,0.845,0.462,19.500591270131288,2.757038836144053,14.096074128,1.6967334502757114,0.8095514769234377,21.7,22.49,100.0,True,True,-1.3643574531734273,-1.0211523447037056,-0.8771817800802573,1.8680181385434893,1.4397519106074996,-2.431813414558815,0.25525063065380715,0.49814994393260464,-0.9848905872683301,-1.171637321416857
TuP8,Transition,Upland,6,0.936,0.4366666666666667,17.19161443907483,2.4400750203809807,12.592917716666667,1.6714786505929893,0.6036441468529236,22.044444444444444,23.57777777777778,100.0,True,True,-1.063793558786212,0.5705167930475064,-1.1427432009623846,1.0053674968012491,0.6178087559622781,-2.765279765048031,0.1649553983994556,-1.9132965110383036,-0.9347535162633157,-0.931298605679707
TuP9,Transition,Upland,4,0.875,0.38625,17.280550542709843,2.7281310911425773,19.16703243125,1.638172594265633,0.6035589265149872,20.15,21.0875,100.0,True,True,-1.6649213475606428,-0.4964262553351742,-1.67124537081004,1.03859467597554,1.3647890222948682,-1.306851337347025,0.04587395133446021,-1.9142945536127842,-1.2105074067908943,-1.4815122386172825
TuP10,Transition,Upland,6,0.976,0.4157142857142856,17.88875844584386,2.9357428116950035,21.097328177142856,1.5315754549363598,0.7360775975341488,22.957142857142856,23.67142857142857,100.0,True,True,-1.063793558786212,1.2701515788722129,-1.3623804663536194,1.2658255996012227,1.9031628809050853,-0.8786266543436213,-0.3352501745468948,-0.3623261057815312,-0.8019018304205363,-0.9106069608110487
