Plot_ID,Zone,Habitat,Plot_Abundance,Structural_Abundance,DBH_Weighted_Sum,Height_Weighted_Sum,BA_Weighted_Sum,Structural_Coverage_Percent,Estimated_Mean_DBH,Estimated_Mean_Height,Estimated_Mean_Basal_Area_Contribution,Structural_Coverage_Class,Primary_Structural_Eligible,Sensitivity_Structural_Eligible,Structural_Analysis_Tier,Use_Primary_Association,Use_Factorial_Structural,Use_Full_Descriptive,Structural_Use_Class
BmP1,Buffer,Major River,21,21,586.0,555.6,13889.5,100.0,27.904761904761905,26.45714285714286,661.4047619047619,VERY_HIGH_>=99,True,True,PRIMARY_>=90,True,True,True,PRIMARY_ASSOCIATION_SET
BmP10,Buffer,Major River,20,14,400.0,387.0,9684.3,70.0,28.571428571428573,27.642857142857142,691.7357142857143,LOW_<75,False,False,DESCRIPTIVE_<75,False,False,True,FULL_DESCRIPTIVE_ONLY
BmP2,Buffer,Major River,17,13,368.4,362.1,9084.04,76.47058823529412,28.338461538461537,27.853846153846156,698.7723076923078,MODERATE_75_90,False,True,SENSITIVITY_75_90,False,True,True,FACTORIAL_STRUCTURAL_SET_ONLY
BmP3,Buffer,Major River,23,18,580.2,538.0,18893.4,78.26086956521739,32.233333333333334,29.88888888888889,1049.6333333333334,MODERATE_75_90,False,True,SENSITIVITY_75_90,False,True,True,FACTORIAL_STRUCTURAL_SET_ONLY
BmP4,Buffer,Major River,18,16,477.6,477.8,12483.6,88.88888888888889,29.85,29.8625,780.225,MODERATE_75_90,False,True,SENSITIVITY_75_90,False,True,True,FACTORIAL_STRUCTURAL_SET_ONLY
BmP5,Buffer,Major River,6,5,158.2,145.8,4111.5,83.33333333333333,31.639999999999997,29.160000000000004,822.3,MODERATE_75_90,False,True,SENSITIVITY_75_90,False,True,True,FACTORIAL_STRUCTURAL_SET_ONLY
BmP6,Buffer,Major River,28,22,657.0,623.4,16994.3,78.57142857142857,29.863636363636363,28.336363636363636,772.4681818181817,MODERATE_75_90,False,True,SENSITIVITY_75_90,False,True,True,FACTORIAL_STRUCTURAL_SET_ONLY
BmP7,Buffer,Major River,14,11,350.2,333.1,10081.0,78.57142857142857,31.836363636363636,30.281818181818185,916.4545454545455,MODERATE_75_90,False,True,SENSITIVITY_75_90,False,True,True,FACTORIAL_STRUCTURAL_SET_ONLY
BmP8,Buffer,Major River,17,14,379.9,375.5,8710.94,82.3529411764706,27.135714285714283,26.821428571428573,622.21,MODERATE_75_90,False,True,SENSITIVITY_75_90,False,True,True,FACTORIAL_STRUCTURAL_SET_ONLY
BmP9,Buffer,Major River,16,13,395.6,372.7,10452.5,81.25,30.430769230769233,28.66923076923077,804.0384615384615,MODERATE_75_90,False,True,SENSITIVITY_75_90,False,True,True,FACTORIAL_STRUCTURAL_SET_ONLY
BsP1,Buffer,Stream,27,27,784.6999999999999,787.6999999999999,18935.8,100.0,29.06296296296296,29.17407407407407,701.3259259259258,VERY_HIGH_>=99,True,True,PRIMARY_>=90,True,True,True,PRIMARY_ASSOCIATION_SET
BsP10,Buffer,Stream,24,24,726.45,717.8,18517.4,100.0,30.26875,29.90833333333333,771.5583333333334,VERY_HIGH_>=99,True,True,PRIMARY_>=90,True,True,True,PRIMARY_ASSOCIATION_SET
BsP2,Buffer,Stream,20,20,581.2,577.1,14191.5,100.0,29.060000000000002,28.855,709.575,VERY_HIGH_>=99,True,True,PRIMARY_>=90,True,True,True,PRIMARY_ASSOCIATION_SET
BsP3,Buffer,Stream,18,18,511.7,536.0,12168.4,100.0,28.427777777777777,29.77777777777778,676.0222222222222,VERY_HIGH_>=99,True,True,PRIMARY_>=90,True,True,True,PRIMARY_ASSOCIATION_SET
BsP4,Buffer,Stream,36,36,1244.4,1225.6,35618.3,100.0,34.56666666666667,34.044444444444444,989.3972222222224,VERY_HIGH_>=99,True,True,PRIMARY_>=90,True,True,True,PRIMARY_ASSOCIATION_SET
BsP5,Buffer,Stream,20,19,631.05,579.3,18046.2,95.0,33.21315789473684,30.489473684210523,949.8000000000001,HIGH_95_99,True,True,PRIMARY_>=90,True,True,True,PRIMARY_ASSOCIATION_SET
BsP6,Buffer,Stream,20,20,538.9,547.7,12146.1,100.0,26.945,27.385,607.3050000000001,VERY_HIGH_>=99,True,True,PRIMARY_>=90,True,True,True,PRIMARY_ASSOCIATION_SET
BsP7,Buffer,Stream,18,17,544.4,546.6,14488.0,94.44444444444444,32.023529411764706,32.15294117647059,852.2352941176471,GOOD_90_95,True,True,PRIMARY_>=90,True,True,True,PRIMARY_ASSOCIATION_SET
BsP8,Buffer,Stream,19,18,553.6,550.5,14415.7,94.73684210526316,30.755555555555556,30.583333333333332,800.8722222222223,GOOD_90_95,True,True,PRIMARY_>=90,True,True,True,PRIMARY_ASSOCIATION_SET
BsP9,Buffer,Stream,23,22,660.1,654.9,17606.57,95.65217391304348,30.004545454545454,29.768181818181816,800.2986363636363,HIGH_95_99,True,True,PRIMARY_>=90,True,True,True,PRIMARY_ASSOCIATION_SET
BuP1,Buffer,Upland,7,7,183.46,217.5,4402.6,100.0,26.208571428571428,31.071428571428573,628.9428571428572,VERY_HIGH_>=99,True,True,PRIMARY_>=90,True,True,True,PRIMARY_ASSOCIATION_SET
BuP10,Buffer,Upland,24,17,458.55,473.2,10602.199999999999,70.83333333333333,26.973529411764705,27.83529411764706,623.6588235294117,LOW_<75,False,False,DESCRIPTIVE_<75,False,False,True,FULL_DESCRIPTIVE_ONLY
BuP2,Buffer,Upland,15,12,340.34999999999997,350.3,8250.1,80.0,28.362499999999997,29.191666666666666,687.5083333333333,MODERATE_75_90,False,True,SENSITIVITY_75_90,False,True,True,FACTORIAL_STRUCTURAL_SET_ONLY
BuP3,Buffer,Upland,22,19,483.59999999999997,501.4,10654.4,86.36363636363636,25.452631578947365,26.389473684210525,560.7578947368421,MODERATE_75_90,False,True,SENSITIVITY_75_90,False,True,True,FACTORIAL_STRUCTURAL_SET_ONLY
BuP4,Buffer,Upland,51,39,1027.2,1141.1,22202.0,76.47058823529412,26.33846153846154,29.258974358974356,569.2820512820513,MODERATE_75_90,False,True,SENSITIVITY_75_90,False,True,True,FACTORIAL_STRUCTURAL_SET_ONLY
BuP5,Buffer,Upland,30,19,394.86,435.29999999999995,6997.3,63.333333333333336,20.782105263157895,22.910526315789472,368.2789473684211,LOW_<75,False,False,DESCRIPTIVE_<75,False,False,True,FULL_DESCRIPTIVE_ONLY
BuP6,Buffer,Upland,18,14,400.9,420.6,9591.0,77.77777777777777,28.635714285714283,30.042857142857144,685.0714285714286,MODERATE_75_90,False,True,SENSITIVITY_75_90,False,True,True,FACTORIAL_STRUCTURAL_SET_ONLY
BuP7,Buffer,Upland,17,17,473.34999999999997,496.1,11583.0,100.0,27.844117647058823,29.18235294117647,681.3529411764706,VERY_HIGH_>=99,True,True,PRIMARY_>=90,True,True,True,PRIMARY_ASSOCIATION_SET
BuP8,Buffer,Upland,25,19,548.06,591.7,13928.9,76.0,28.845263157894735,31.142105263157898,733.1,MODERATE_75_90,False,True,SENSITIVITY_75_90,False,True,True,FACTORIAL_STRUCTURAL_SET_ONLY
BuP9,Buffer,Upland,20,18,455.21,508.2,9345.4,90.0,25.28944444444444,28.233333333333334,519.1888888888889,GOOD_90_95,True,True,PRIMARY_>=90,True,True,True,PRIMARY_ASSOCIATION_SET
CmP1,Core,Major River,27,21,574.6,563.42,13424.9,77.77777777777777,27.361904761904764,26.829523809523806,639.2809523809524,MODERATE_75_90,False,True,SENSITIVITY_75_90,False,True,True,FACTORIAL_STRUCTURAL_SET_ONLY
CmP10,Core,Major River,32,25,613.5,656.02,12879.9,78.125,24.54,26.2408,515.196,MODERATE_75_90,False,True,SENSITIVITY_75_90,False,True,True,FACTORIAL_STRUCTURAL_SET_ONLY
CmP2,Core,Major River,33,27,715.2,720.69,17321.7,81.81818181818181,26.48888888888889,26.692222222222224,641.5444444444445,MODERATE_75_90,False,True,SENSITIVITY_75_90,False,True,True,FACTORIAL_STRUCTURAL_SET_ONLY
CmP3,Core,Major River,22,20,551.65,558.44,14609.8,90.9090909090909,27.5825,27.922000000000004,730.49,GOOD_90_95,True,True,PRIMARY_>=90,True,True,True,PRIMARY_ASSOCIATION_SET
CmP4,Core,Major River,21,19,439.25,457.04,8559.0,90.47619047619048,23.11842105263158,24.054736842105264,450.4736842105263,GOOD_90_95,True,True,PRIMARY_>=90,True,True,True,PRIMARY_ASSOCIATION_SET
CmP5,Core,Major River,26,22,485.94999999999993,488.94,8651.7,84.61538461538461,22.08863636363636,22.224545454545453,393.25909090909096,MODERATE_75_90,False,True,SENSITIVITY_75_90,False,True,True,FACTORIAL_STRUCTURAL_SET_ONLY
CmP6,Core,Major River,22,21,459.0,460.34999999999997,8120.900000000001,95.45454545454545,21.857142857142858,21.92142857142857,386.70952380952383,HIGH_95_99,True,True,PRIMARY_>=90,True,True,True,PRIMARY_ASSOCIATION_SET
CmP7,Core,Major River,30,27,665.9499999999999,690.72,14263.2,90.0,24.66481481481481,25.582222222222224,528.2666666666667,GOOD_90_95,True,True,PRIMARY_>=90,True,True,True,PRIMARY_ASSOCIATION_SET
CmP8,Core,Major River,24,19,499.84999999999997,515.6,10999.3,79.16666666666667,26.307894736842105,27.13684210526316,578.9105263157894,MODERATE_75_90,False,True,SENSITIVITY_75_90,False,True,True,FACTORIAL_STRUCTURAL_SET_ONLY
CmP9,Core,Major River,30,24,674.75,691.35,19180.3,80.0,28.114583333333332,28.806250000000002,799.1791666666667,MODERATE_75_90,False,True,SENSITIVITY_75_90,False,True,True,FACTORIAL_STRUCTURAL_SET_ONLY
CsP1,Core,Stream,24,18,712.38,699.76,27005.56,75.0,39.57666666666667,38.87555555555556,1500.308888888889,MODERATE_75_90,False,True,SENSITIVITY_75_90,False,True,True,FACTORIAL_STRUCTURAL_SET_ONLY
CsP10,Core,Stream,18,16,573.6,583.75,17069.04,88.88888888888889,35.85,36.484375,1066.815,MODERATE_75_90,False,True,SENSITIVITY_75_90,False,True,True,FACTORIAL_STRUCTURAL_SET_ONLY
CsP2,Core,Stream,17,13,465.59999999999997,461.2,17346.02,76.47058823529412,35.815384615384616,35.47692307692308,1334.309230769231,MODERATE_75_90,False,True,SENSITIVITY_75_90,False,True,True,FACTORIAL_STRUCTURAL_SET_ONLY
CsP3,Core,Stream,24,17,687.4,653.2,28125.210000000003,70.83333333333333,40.43529411764706,38.42352941176471,1654.424117647059,LOW_<75,False,False,DESCRIPTIVE_<75,False,False,True,FULL_DESCRIPTIVE_ONLY
CsP4,Core,Stream,21,16,509.4,516.55,13639.7,76.19047619047619,31.8375,32.284375,852.48125,MODERATE_75_90,False,True,SENSITIVITY_75_90,False,True,True,FACTORIAL_STRUCTURAL_SET_ONLY
CsP5,Core,Stream,6,3,110.3,107.7,3376.17,50.0,36.766666666666666,35.9,1125.39,LOW_<75,False,False,DESCRIPTIVE_<75,False,False,True,FULL_DESCRIPTIVE_ONLY
CsP6,Core,Stream,25,21,847.1,818.3,33784.58,84.0,40.33809523809524,38.96666666666666,1608.7895238095239,MODERATE_75_90,False,True,SENSITIVITY_75_90,False,True,True,FACTORIAL_STRUCTURAL_SET_ONLY
CsP7,Core,Stream,19,15,551.0,536.8,17017.83,78.94736842105263,36.733333333333334,35.78666666666666,1134.5220000000002,MODERATE_75_90,False,True,SENSITIVITY_75_90,False,True,True,FACTORIAL_STRUCTURAL_SET_ONLY
CsP8,Core,Stream,17,12,407.4,393.5,13499.46,70.58823529411765,33.949999999999996,32.791666666666664,1124.955,LOW_<75,False,False,DESCRIPTIVE_<75,False,False,True,FULL_DESCRIPTIVE_ONLY
CsP9,Core,Stream,12,12,559.62,525.04,24155.4,100.0,46.635,43.75333333333333,2012.95,VERY_HIGH_>=99,True,True,PRIMARY_>=90,True,True,True,PRIMARY_ASSOCIATION_SET
CuP1,Core,Upland,19,18,398.6,405.90000000000003,7222.299999999999,94.73684210526316,22.144444444444446,22.55,401.2388888888888,GOOD_90_95,True,True,PRIMARY_>=90,True,True,True,PRIMARY_ASSOCIATION_SET
CuP10,Core,Upland,23,23,524.1,541.52,10047.3,100.0,22.786956521739132,23.544347826086955,436.8391304347826,VERY_HIGH_>=99,True,True,PRIMARY_>=90,True,True,True,PRIMARY_ASSOCIATION_SET
CuP2,Core,Upland,20,20,455.6,476.31,8699.2,100.0,22.78,23.8155,434.96000000000004,VERY_HIGH_>=99,True,True,PRIMARY_>=90,True,True,True,PRIMARY_ASSOCIATION_SET
CuP3,Core,Upland,18,18,417.3,437.40000000000003,7893.8,100.0,23.183333333333334,24.3,438.5444444444445,VERY_HIGH_>=99,True,True,PRIMARY_>=90,True,True,True,PRIMARY_ASSOCIATION_SET
CuP4,Core,Upland,26,26,554.0,584.0,9432.5,100.0,21.307692307692307,22.46153846153846,362.78846153846155,VERY_HIGH_>=99,True,True,PRIMARY_>=90,True,True,True,PRIMARY_ASSOCIATION_SET
CuP5,Core,Upland,29,29,645.6,671.6,11772.7,100.0,22.26206896551724,23.158620689655173,405.95517241379315,VERY_HIGH_>=99,True,True,PRIMARY_>=90,True,True,True,PRIMARY_ASSOCIATION_SET
CuP6,Core,Upland,21,20,442.9,467.01,7964.6,95.23809523809524,22.145,23.3505,398.23,HIGH_95_99,True,True,PRIMARY_>=90,True,True,True,PRIMARY_ASSOCIATION_SET
CuP7,Core,Upland,25,25,529.9,553.7,9237.2,100.0,21.195999999999998,22.148000000000003,369.48800000000006,VERY_HIGH_>=99,True,True,PRIMARY_>=90,True,True,True,PRIMARY_ASSOCIATION_SET
CuP8,Core,Upland,24,24,568.0,577.31,11087.5,100.0,23.666666666666668,24.05458333333333,461.9791666666667,VERY_HIGH_>=99,True,True,PRIMARY_>=90,True,True,True,PRIMARY_ASSOCIATION_SET
CuP9,Core,Upland,25,24,499.0,521.72,8336.6,96.0,20.791666666666668,21.738333333333333,347.35833333333335,HIGH_95_99,True,True,PRIMARY_>=90,True,True,True,PRIMARY_ASSOCIATION_SET
TmP1,Transition,Major River,9,9,444.29999999999995,265.1,45546.899999999994,100.0,49.36666666666666,29.45555555555556,5060.766666666666,VERY_HIGH_>=99,True,True,PRIMARY_>=90,True,True,True,PRIMARY_ASSOCIATION_SET
TmP10,Transition,Major River,15,15,596.55,422.8,48844.299999999996,100.0,39.769999999999996,28.186666666666667,3256.2866666666664,VERY_HIGH_>=99,True,True,PRIMARY_>=90,True,True,True,PRIMARY_ASSOCIATION_SET
TmP2,Transition,Major River,12,12,489.9,299.1,46994.4,100.0,40.824999999999996,24.925,3916.2000000000003,VERY_HIGH_>=99,True,True,PRIMARY_>=90,True,True,True,PRIMARY_ASSOCIATION_SET
TmP3,Transition,Major River,31,31,914.1,766.3,24569.3,100.0,29.48709677419355,24.719354838709677,792.558064516129,VERY_HIGH_>=99,True,True,PRIMARY_>=90,True,True,True,PRIMARY_ASSOCIATION_SET
TmP4,Transition,Major River,9,9,208.54999999999998,216.5,3900.3,100.0,23.17222222222222,24.055555555555557,433.3666666666667,VERY_HIGH_>=99,True,True,PRIMARY_>=90,True,True,True,PRIMARY_ASSOCIATION_SET
TmP5,Transition,Major River,8,8,169.7,165.10000000000002,2830.4,100.0,21.2125,20.637500000000003,353.8,VERY_HIGH_>=99,True,True,PRIMARY_>=90,True,True,True,PRIMARY_ASSOCIATION_SET
TmP6,Transition,Major River,18,18,512.45,503.8,12843.7,100.0,28.46944444444445,27.98888888888889,713.5388888888889,VERY_HIGH_>=99,True,True,PRIMARY_>=90,True,True,True,PRIMARY_ASSOCIATION_SET
TmP7,Transition,Major River,10,10,266.35,252.5,6241.8,100.0,26.635,25.25,624.1800000000001,VERY_HIGH_>=99,True,True,PRIMARY_>=90,True,True,True,PRIMARY_ASSOCIATION_SET
TmP8,Transition,Major River,12,12,274.1,272.7,5126.7,100.0,22.84166666666667,22.724999999999998,427.22499999999997,VERY_HIGH_>=99,True,True,PRIMARY_>=90,True,True,True,PRIMARY_ASSOCIATION_SET
TmP9,Transition,Major River,13,13,792.1,378.1,91200.8,100.0,60.93076923076923,29.084615384615386,7015.446153846154,VERY_HIGH_>=99,True,True,PRIMARY_>=90,True,True,True,PRIMARY_ASSOCIATION_SET
TsP1,Transition,Stream,18,16,429.9,439.6,9463.27,88.88888888888889,26.86875,27.475,591.454375,MODERATE_75_90,False,True,SENSITIVITY_75_90,False,True,True,FACTORIAL_STRUCTURAL_SET_ONLY
TsP10,Transition,Stream,17,17,512.5,521.2,12927.5,100.0,30.147058823529413,30.658823529411766,760.4411764705883,VERY_HIGH_>=99,True,True,PRIMARY_>=90,True,True,True,PRIMARY_ASSOCIATION_SET
TsP2,Transition,Stream,13,9,252.2,253.3,6003.2,69.23076923076923,28.022222222222222,28.144444444444446,667.0222222222222,LOW_<75,False,False,DESCRIPTIVE_<75,False,False,True,FULL_DESCRIPTIVE_ONLY
TsP3,Transition,Stream,12,12,403.7,410.7,11447.1,100.0,33.641666666666666,34.225,953.9250000000001,VERY_HIGH_>=99,True,True,PRIMARY_>=90,True,True,True,PRIMARY_ASSOCIATION_SET
TsP4,Transition,Stream,26,26,650.4000000000001,675.3000000000001,12953.8,100.0,25.01538461538462,25.973076923076924,498.2230769230769,VERY_HIGH_>=99,True,True,PRIMARY_>=90,True,True,True,PRIMARY_ASSOCIATION_SET
TsP5,Transition,Stream,24,24,577.2,605.7,11009.2,100.0,24.05,25.2375,458.7166666666667,VERY_HIGH_>=99,True,True,PRIMARY_>=90,True,True,True,PRIMARY_ASSOCIATION_SET
TsP6,Transition,Stream,21,17,447.8,456.1,10004.07,80.95238095238095,26.341176470588238,26.829411764705885,588.474705882353,MODERATE_75_90,False,True,SENSITIVITY_75_90,False,True,True,FACTORIAL_STRUCTURAL_SET_ONLY
TsP7,Transition,Stream,22,22,606.5,624.5,13901.0,100.0,27.568181818181817,28.386363636363637,631.8636363636364,VERY_HIGH_>=99,True,True,PRIMARY_>=90,True,True,True,PRIMARY_ASSOCIATION_SET
TsP8,Transition,Stream,26,26,654.3,682.4,13176.1,100.0,25.165384615384614,26.246153846153845,506.7730769230769,VERY_HIGH_>=99,True,True,PRIMARY_>=90,True,True,True,PRIMARY_ASSOCIATION_SET
TsP9,Transition,Stream,30,26,632.2,625.1,12682.5,86.66666666666667,24.315384615384616,24.042307692307695,487.78846153846155,MODERATE_75_90,False,True,SENSITIVITY_75_90,False,True,True,FACTORIAL_STRUCTURAL_SET_ONLY
TuP1,Transition,Upland,7,7,153.60000000000002,163.0,3125.2999999999997,100.0,21.942857142857147,23.285714285714285,446.47142857142853,VERY_HIGH_>=99,True,True,PRIMARY_>=90,True,True,True,PRIMARY_ASSOCIATION_SET
TuP10,Transition,Upland,7,7,160.7,165.7,3105.0,100.0,22.957142857142856,23.67142857142857,443.57142857142856,VERY_HIGH_>=99,True,True,PRIMARY_>=90,True,True,True,PRIMARY_ASSOCIATION_SET
TuP2,Transition,Upland,10,9,229.3,233.0,4939.2,90.0,25.477777777777778,25.88888888888889,548.8,GOOD_90_95,True,True,PRIMARY_>=90,True,True,True,PRIMARY_ASSOCIATION_SET
TuP3,Transition,Upland,9,9,230.3,229.8,5099.5,100.0,25.58888888888889,25.533333333333335,566.6111111111111,VERY_HIGH_>=99,True,True,PRIMARY_>=90,True,True,True,PRIMARY_ASSOCIATION_SET
TuP4,Transition,Upland,12,12,283.1,288.90000000000003,5653.0,100.0,23.59166666666667,24.075000000000003,471.0833333333333,VERY_HIGH_>=99,True,True,PRIMARY_>=90,True,True,True,PRIMARY_ASSOCIATION_SET
TuP5,Transition,Upland,10,10,230.1,235.1,4466.2,100.0,23.009999999999998,23.509999999999998,446.62,VERY_HIGH_>=99,True,True,PRIMARY_>=90,True,True,True,PRIMARY_ASSOCIATION_SET
TuP6,Transition,Upland,8,7,137.1,154.6,2421.3,87.5,19.585714285714285,22.085714285714285,345.90000000000003,MODERATE_75_90,False,True,SENSITIVITY_75_90,False,True,True,FACTORIAL_STRUCTURAL_SET_ONLY
TuP7,Transition,Upland,10,10,217.0,224.9,4141.2,100.0,21.7,22.490000000000002,414.12,VERY_HIGH_>=99,True,True,PRIMARY_>=90,True,True,True,PRIMARY_ASSOCIATION_SET
TuP8,Transition,Upland,9,9,198.4,212.20000000000002,3866.5,100.0,22.044444444444444,23.57777777777778,429.6111111111111,VERY_HIGH_>=99,True,True,PRIMARY_>=90,True,True,True,PRIMARY_ASSOCIATION_SET
TuP9,Transition,Upland,8,8,161.2,168.7,2626.2,100.0,20.15,21.0875,328.275,VERY_HIGH_>=99,True,True,PRIMARY_>=90,True,True,True,PRIMARY_ASSOCIATION_SET
